fixed acidity;volatile acidity;citric acid;residual sugar;chlorides;free sulfur dioxide;total sulfur dioxide;density;pH;sulphates;alcohol;quality
29.5;70.5;2.5;12.5;41.5;11.5;30.5;284.5;63.5;20.5;12.5;5.0
33.5;104.5;2.5;24.5;63.5;25.5;63.5;224.5;32.5;32.5;18.5;5.0
33.5;82.5;6.5;19.5;57.5;15.5;50.5;237.5;38.5;29.5;18.5;5.0
67.5;14.5;58.5;12.5;40.5;17.5;56.5;292.5;28.5;22.5;18.5;6.0
29.5;70.5;2.5;12.5;41.5;11.5;30.5;284.5;63.5;20.5;12.5;5.0
29.5;62.5;2.5;11.5;40.5;13.5;36.5;284.5;63.5;20.5;12.5;5.0
34.5;51.5;8.5;7.5;34.5;15.5;55.5;194.5;42.5;10.5;12.5;5.0
28.5;61.5;2.5;3.5;30.5;15.5;17.5;80.5;51.5;11.5;21.5;7.0
33.5;48.5;4.5;13.5;38.5;9.5;14.5;224.5;48.5;21.5;13.5;7.0
30.5;39.5;38.5;64.5;36.5;17.5;97.5;284.5;47.5;44.5;26.5;5.0
22.5;48.5;10.5;11.5;62.5;15.5;61.5;162.5;40.5;18.5;9.5;5.0
30.5;39.5;38.5;64.5;36.5;17.5;97.5;284.5;47.5;44.5;26.5;5.0
11.5;54.5;2.5;7.5;54.5;16.5;55.5;69.5;70.5;16.5;19.5;5.0
33.5;53.5;31.5;7.5;75.5;9.5;25.5;266.5;38.5;86.5;8.5;5.0
44.5;55.5;20.5;40.5;103.5;50.5;110.5;311.5;28.5;52.5;9.5;5.0
44.5;55.5;21.5;41.5;100.5;49.5;110.5;311.5;29.5;57.5;9.5;5.0
40.5;14.5;58.5;11.5;57.5;35.5;98.5;231.5;42.5;39.5;26.5;7.0
36.5;46.5;30.5;9.5;121.5;16.5;52.5;224.5;23.5;83.5;11.5;5.0
29.5;50.5;10.5;47.5;51.5;6.5;25.5;266.5;50.5;14.5;6.5;4.0
34.5;18.5;53.5;11.5;118.5;17.5;52.5;231.5;16.5;72.5;9.5;6.0
44.5;8.5;50.5;11.5;42.5;29.5;56.5;224.5;51.5;17.5;12.5;6.0
31.5;26.5;33.5;19.5;47.5;23.5;67.5;297.5;64.5;29.5;17.5;5.0
34.5;32.5;23.5;7.5;70.5;10.5;33.5;211.5;29.5;55.5;13.5;5.0
40.5;38.5;13.5;19.5;49.5;9.5;63.5;224.5;29.5;17.5;12.5;5.0
24.5;28.5;16.5;21.5;50.5;21.5;36.5;224.5;55.5;27.5;17.5;6.0
18.5;26.5;18.5;5.5;45.5;11.5;19.5;137.5;46.5;20.5;11.5;5.0
31.5;29.5;26.5;11.5;45.5;4.5;7.5;180.5;40.5;23.5;13.5;5.0
34.5;32.5;23.5;7.5;70.5;10.5;33.5;211.5;29.5;55.5;13.5;5.0
26.5;72.5;2.5;12.5;45.5;14.5;31.5;251.5;59.5;19.5;12.5;5.0
33.5;60.5;2.5;13.5;47.5;8.5;12.5;194.5;50.5;23.5;18.5;6.0
22.5;65.5;9.5;21.5;54.5;17.5;78.5;155.5;47.5;18.5;22.5;5.0
24.5;67.5;2.5;22.5;69.5;22.5;33.5;211.5;58.5;21.5;28.5;6.0
38.5;62.5;14.5;19.5;48.5;15.5;104.5;211.5;29.5;30.5;18.5;5.0
24.5;52.5;14.5;75.5;38.5;40.5;79.5;326.5;57.5;16.5;12.5;6.0
7.5;18.5;27.5;11.5;67.5;13.5;46.5;148.5;50.5;19.5;9.5;5.0
33.5;60.5;2.5;58.5;51.5;5.5;14.5;311.5;52.5;19.5;16.5;6.0
33.5;51.5;16.5;21.5;51.5;3.5;11.5;272.5;54.5;24.5;31.5;6.0
36.5;25.5;30.5;15.5;31.5;13.5;26.5;224.5;35.5;37.5;17.5;7.0
12.5;124.5;11.5;6.5;101.5;7.5;15.5;58.5;62.5;12.5;18.5;4.0
28.5;34.5;38.5;62.5;39.5;12.5;83.5;284.5;45.5;47.5;26.5;5.0
28.5;34.5;38.5;62.5;39.5;12.5;83.5;284.5;45.5;47.5;26.5;5.0
43.5;53.5;32.5;27.5;53.5;17.5;42.5;276.5;38.5;15.5;11.5;4.0
30.5;38.5;22.5;24.5;117.5;8.5;10.5;224.5;33.5;54.5;26.5;6.0
36.5;62.5;24.5;17.5;34.5;9.5;19.5;224.5;42.5;82.5;24.5;5.0
23.5;64.5;4.5;11.5;15.5;5.5;7.5;180.5;60.5;16.5;13.5;5.0
2.5;41.5;17.5;15.5;19.5;8.5;61.5;29.5;85.5;20.5;54.5;4.0
32.5;110.5;45.5;17.5;75.5;22.5;105.5;237.5;37.5;37.5;9.5;5.0
42.5;15.5;54.5;7.5;75.5;12.5;33.5;231.5;37.5;22.5;13.5;5.0
19.5;28.5;25.5;7.5;31.5;5.5;8.5;155.5;46.5;20.5;9.5;5.0
11.5;17.5;39.5;5.5;39.5;12.5;92.5;130.5;44.5;22.5;9.5;5.0
43.5;62.5;28.5;9.5;39.5;4.5;19.5;244.5;27.5;38.5;9.5;5.0
21.5;41.5;6.5;17.5;34.5;8.5;11.5;143.5;52.5;27.5;12.5;6.0
21.5;39.5;6.5;15.5;33.5;6.5;10.5;137.5;51.5;28.5;12.5;6.0
41.5;25.5;38.5;30.5;46.5;30.5;107.5;237.5;32.5;20.5;12.5;5.0
31.5;40.5;17.5;27.5;73.5;33.5;69.5;137.5;29.5;27.5;23.5;6.0
32.5;55.5;6.5;40.5;49.5;25.5;41.5;284.5;46.5;17.5;13.5;5.0
57.5;31.5;59.5;34.5;35.5;4.5;6.5;244.5;16.5;27.5;16.5;5.0
30.5;57.5;14.5;54.5;74.5;48.5;103.5;301.5;38.5;41.5;12.5;5.0
33.5;50.5;20.5;19.5;41.5;17.5;50.5;272.5;55.5;23.5;21.5;5.0
28.5;26.5;33.5;21.5;39.5;9.5;42.5;180.5;53.5;18.5;12.5;6.0
43.5;28.5;42.5;17.5;44.5;19.5;48.5;292.5;56.5;28.5;9.5;5.0
32.5;68.5;51.5;11.5;76.5;20.5;104.5;224.5;33.5;35.5;11.5;5.0
30.5;41.5;18.5;12.5;50.5;12.5;31.5;224.5;50.5;26.5;13.5;7.0
25.5;77.5;7.5;13.5;46.5;13.5;50.5;211.5;51.5;21.5;18.5;5.0
27.5;75.5;7.5;50.5;51.5;4.5;7.5;180.5;53.5;4.5;32.5;5.0
27.5;75.5;7.5;50.5;51.5;4.5;7.5;180.5;53.5;4.5;32.5;5.0
30.5;41.5;13.5;6.5;44.5;11.5;35.5;224.5;54.5;22.5;16.5;5.0
21.5;71.5;9.5;7.5;41.5;6.5;11.5;180.5;56.5;22.5;29.5;5.0
48.5;18.5;59.5;13.5;39.5;27.5;61.5;231.5;40.5;43.5;29.5;5.0
35.5;71.5;7.5;12.5;39.5;8.5;15.5;180.5;46.5;59.5;26.5;6.0
32.5;57.5;10.5;12.5;41.5;15.5;23.5;218.5;44.5;18.5;13.5;6.0
32.5;64.5;25.5;15.5;53.5;17.5;92.5;180.5;44.5;12.5;13.5;5.0
32.5;68.5;24.5;12.5;49.5;18.5;90.5;174.5;43.5;12.5;13.5;5.0
38.5;65.5;28.5;15.5;49.5;11.5;39.5;276.5;43.5;17.5;9.5;4.0
52.5;18.5;56.5;22.5;59.5;28.5;79.5;305.5;40.5;46.5;16.5;5.0
43.5;29.5;66.5;17.5;58.5;9.5;38.5;311.5;66.5;30.5;26.5;5.0
43.5;29.5;66.5;17.5;58.5;9.5;38.5;311.5;66.5;30.5;26.5;5.0
23.5;87.5;2.5;21.5;68.5;14.5;26.5;211.5;64.5;19.5;29.5;6.0
22.5;80.5;14.5;13.5;51.5;12.5;76.5;155.5;50.5;16.5;22.5;5.0
38.5;56.5;22.5;6.5;45.5;27.5;107.5;251.5;28.5;76.5;8.5;4.0
17.5;34.5;22.5;7.5;34.5;3.5;11.5;155.5;53.5;20.5;9.5;5.0
33.5;32.5;71.5;12.5;124.5;22.5;63.5;266.5;25.5;83.5;12.5;5.0
29.5;39.5;49.5;13.5;51.5;21.5;69.5;237.5;48.5;21.5;8.5;5.0
28.5;64.5;28.5;11.5;121.5;16.5;47.5;231.5;28.5;78.5;12.5;5.0
18.5;16.5;50.5;11.5;34.5;18.5;57.5;162.5;56.5;42.5;24.5;6.0
24.5;45.5;17.5;17.5;41.5;19.5;36.5;174.5;53.5;23.5;22.5;5.0
41.5;38.5;30.5;12.5;73.5;20.5;108.5;251.5;7.5;89.5;19.5;6.0
32.5;38.5;28.5;12.5;27.5;9.5;27.5;211.5;51.5;28.5;16.5;5.0
48.5;26.5;46.5;15.5;71.5;34.5;108.5;284.5;26.5;83.5;13.5;5.0
25.5;55.5;10.5;11.5;41.5;8.5;20.5;284.5;60.5;17.5;6.5;5.0
34.5;41.5;28.5;12.5;44.5;43.5;110.5;194.5;35.5;18.5;13.5;5.0
41.5;38.5;30.5;12.5;73.5;20.5;108.5;251.5;7.5;89.5;19.5;6.0
41.5;38.5;31.5;13.5;73.5;19.5;108.5;251.5;7.5;90.5;18.5;5.0
32.5;38.5;28.5;12.5;27.5;9.5;27.5;211.5;51.5;28.5;16.5;5.0
5.5;119.5;6.5;5.5;10.5;42.5;81.5;48.5;83.5;12.5;26.5;4.0
3.5;51.5;19.5;19.5;23.5;17.5;101.5;23.5;85.5;24.5;52.5;6.0
23.5;85.5;2.5;30.5;66.5;8.5;19.5;203.5;57.5;20.5;29.5;5.0
25.5;39.5;27.5;13.5;35.5;3.5;18.5;187.5;37.5;27.5;9.5;5.0
31.5;107.5;8.5;22.5;44.5;5.5;6.5;218.5;51.5;20.5;18.5;5.0
36.5;44.5;20.5;12.5;45.5;13.5;31.5;251.5;42.5;23.5;6.5;6.0
38.5;53.5;32.5;15.5;49.5;11.5;46.5;251.5;52.5;25.5;23.5;6.0
33.5;39.5;32.5;12.5;40.5;8.5;18.5;162.5;43.5;20.5;25.5;6.0
36.5;44.5;20.5;12.5;45.5;13.5;31.5;251.5;42.5;23.5;6.5;6.0
36.5;48.5;24.5;15.5;42.5;12.5;61.5;218.5;41.5;15.5;9.5;5.0
27.5;38.5;26.5;17.5;35.5;5.5;32.5;168.5;45.5;12.5;12.5;5.0
36.5;48.5;24.5;15.5;42.5;12.5;61.5;218.5;41.5;15.5;9.5;5.0
33.5;29.5;70.5;9.5;124.5;18.5;65.5;258.5;20.5;83.5;11.5;5.0
17.5;57.5;33.5;9.5;53.5;15.5;60.5;231.5;58.5;43.5;11.5;5.0
35.5;19.5;55.5;22.5;56.5;18.5;76.5;276.5;49.5;44.5;16.5;6.0
36.5;87.5;54.5;13.5;82.5;37.5;112.5;231.5;33.5;33.5;11.5;5.0
33.5;46.5;21.5;11.5;68.5;12.5;43.5;194.5;31.5;57.5;13.5;5.0
39.5;55.5;11.5;17.5;49.5;11.5;102.5;194.5;27.5;30.5;18.5;5.0
39.5;51.5;12.5;17.5;50.5;14.5;104.5;194.5;27.5;30.5;18.5;5.0
56.5;17.5;46.5;19.5;45.5;22.5;42.5;316.5;44.5;31.5;17.5;6.0
33.5;46.5;21.5;11.5;68.5;12.5;43.5;194.5;31.5;57.5;13.5;5.0
49.5;28.5;33.5;17.5;55.5;13.5;58.5;211.5;19.5;27.5;26.5;6.0
38.5;43.5;30.5;12.5;42.5;11.5;36.5;284.5;51.5;25.5;21.5;6.0
33.5;46.5;14.5;13.5;47.5;7.5;24.5;237.5;49.5;14.5;12.5;6.0
43.5;45.5;6.5;17.5;80.5;14.5;52.5;180.5;33.5;24.5;32.5;6.0
25.5;68.5;10.5;11.5;62.5;22.5;85.5;162.5;46.5;18.5;9.5;6.0
28.5;122.5;11.5;9.5;104.5;10.5;85.5;180.5;42.5;21.5;6.5;5.0
43.5;45.5;6.5;17.5;80.5;14.5;52.5;180.5;33.5;24.5;32.5;6.0
28.5;69.5;2.5;22.5;40.5;3.5;9.5;292.5;61.5;16.5;9.5;5.0
35.5;72.5;2.5;24.5;45.5;11.5;30.5;276.5;56.5;17.5;13.5;5.0
33.5;39.5;19.5;7.5;47.5;21.5;97.5;168.5;51.5;12.5;13.5;5.0
45.5;55.5;6.5;12.5;93.5;27.5;86.5;305.5;28.5;34.5;12.5;5.0
37.5;127.5;2.5;9.5;46.5;3.5;8.5;194.5;65.5;13.5;32.5;5.0
36.5;127.5;2.5;11.5;47.5;3.5;8.5;194.5;66.5;12.5;32.5;5.0
35.5;50.5;18.5;11.5;30.5;3.5;12.5;180.5;54.5;56.5;26.5;7.0
16.5;25.5;17.5;11.5;37.5;6.5;15.5;137.5;54.5;21.5;12.5;5.0
35.5;79.5;58.5;13.5;79.5;30.5;108.5;224.5;36.5;30.5;12.5;5.0
11.5;39.5;11.5;19.5;14.5;17.5;94.5;42.5;75.5;27.5;53.5;5.0
11.5;39.5;11.5;19.5;14.5;17.5;94.5;42.5;75.5;27.5;53.5;5.0
21.5;39.5;3.5;6.5;25.5;17.5;22.5;114.5;52.5;22.5;18.5;6.0
34.5;121.5;7.5;17.5;49.5;13.5;25.5;162.5;34.5;19.5;19.5;6.0
39.5;79.5;13.5;12.5;55.5;16.5;59.5;203.5;31.5;46.5;16.5;5.0
38.5;73.5;17.5;11.5;54.5;10.5;48.5;224.5;35.5;41.5;13.5;5.0
27.5;30.5;38.5;13.5;46.5;13.5;41.5;251.5;60.5;28.5;9.5;5.0
33.5;46.5;21.5;15.5;46.5;15.5;100.5;180.5;45.5;18.5;13.5;5.0
33.5;46.5;21.5;13.5;46.5;17.5;102.5;180.5;44.5;18.5;13.5;5.0
39.5;79.5;13.5;12.5;55.5;16.5;59.5;203.5;31.5;46.5;16.5;5.0
38.5;73.5;17.5;11.5;54.5;10.5;48.5;224.5;35.5;41.5;13.5;5.0
7.5;20.5;2.5;11.5;15.5;27.5;59.5;7.5;78.5;43.5;61.5;6.0
18.5;26.5;10.5;9.5;31.5;3.5;16.5;130.5;46.5;22.5;12.5;5.0
7.5;20.5;2.5;11.5;15.5;27.5;59.5;7.5;78.5;43.5;61.5;6.0
36.5;64.5;57.5;11.5;78.5;32.5;110.5;224.5;29.5;26.5;12.5;5.0
13.5;66.5;4.5;11.5;52.5;21.5;90.5;74.5;66.5;16.5;21.5;5.0
31.5;38.5;28.5;7.5;113.5;10.5;84.5;224.5;23.5;44.5;11.5;5.0
24.5;38.5;12.5;19.5;39.5;12.5;26.5;162.5;54.5;22.5;23.5;6.0
37.5;28.5;46.5;27.5;54.5;11.5;39.5;272.5;65.5;25.5;26.5;6.0
28.5;19.5;49.5;15.5;42.5;5.5;7.5;155.5;45.5;17.5;24.5;6.0
47.5;41.5;80.5;34.5;124.5;32.5;65.5;331.5;2.5;91.5;12.5;4.0
30.5;51.5;5.5;11.5;60.5;25.5;94.5;103.5;47.5;18.5;22.5;5.0
30.5;51.5;5.5;11.5;60.5;25.5;94.5;103.5;47.5;18.5;22.5;5.0
26.5;32.5;44.5;58.5;35.5;29.5;108.5;258.5;54.5;36.5;26.5;5.0
26.5;32.5;44.5;58.5;36.5;28.5;108.5;258.5;54.5;35.5;26.5;5.0
26.5;32.5;44.5;58.5;35.5;29.5;108.5;258.5;54.5;36.5;26.5;5.0
26.5;32.5;44.5;58.5;36.5;28.5;108.5;258.5;54.5;35.5;26.5;5.0
26.5;66.5;2.5;17.5;38.5;12.5;18.5;231.5;60.5;14.5;11.5;5.0
23.5;51.5;20.5;12.5;44.5;18.5;82.5;224.5;71.5;21.5;11.5;6.0
31.5;111.5;5.5;13.5;55.5;7.5;16.5;162.5;32.5;20.5;16.5;5.0
31.5;66.5;4.5;4.5;37.5;9.5;16.5;203.5;29.5;72.5;9.5;4.0
33.5;42.5;6.5;9.5;41.5;17.5;27.5;194.5;45.5;20.5;21.5;6.0
29.5;51.5;28.5;71.5;35.5;36.5;108.5;297.5;49.5;13.5;12.5;5.0
28.5;50.5;28.5;71.5;35.5;35.5;108.5;294.5;49.5;13.5;12.5;5.0
33.5;57.5;50.5;9.5;64.5;14.5;92.5;174.5;31.5;26.5;13.5;5.0
23.5;59.5;12.5;15.5;50.5;18.5;96.5;143.5;46.5;16.5;23.5;5.0
28.5;45.5;5.5;7.5;37.5;17.5;38.5;143.5;49.5;12.5;6.5;4.0
23.5;57.5;9.5;15.5;54.5;11.5;40.5;123.5;59.5;19.5;25.5;6.0
30.5;71.5;26.5;11.5;120.5;15.5;59.5;194.5;12.5;87.5;13.5;5.0
34.5;105.5;5.5;11.5;23.5;4.5;4.5;251.5;48.5;2.5;8.5;4.0
35.5;31.5;19.5;13.5;38.5;6.5;14.5;251.5;41.5;25.5;9.5;6.0
35.5;31.5;19.5;13.5;38.5;6.5;14.5;251.5;41.5;25.5;9.5;6.0
29.5;55.5;7.5;12.5;33.5;24.5;38.5;174.5;54.5;21.5;38.5;6.0
28.5;25.5;23.5;13.5;45.5;7.5;31.5;174.5;45.5;11.5;13.5;5.0
24.5;39.5;6.5;6.5;50.5;19.5;45.5;155.5;47.5;42.5;13.5;5.0
28.5;25.5;23.5;13.5;45.5;7.5;31.5;174.5;45.5;11.5;13.5;5.0
30.5;41.5;44.5;19.5;52.5;8.5;34.5;251.5;70.5;25.5;26.5;6.0
25.5;91.5;2.5;22.5;33.5;7.5;16.5;231.5;60.5;20.5;16.5;5.0
43.5;53.5;16.5;21.5;32.5;10.5;38.5;231.5;31.5;23.5;13.5;5.0
43.5;53.5;16.5;21.5;32.5;10.5;38.5;231.5;31.5;23.5;13.5;5.0
44.5;53.5;51.5;13.5;116.5;23.5;103.5;251.5;24.5;66.5;11.5;5.0
27.5;76.5;4.5;22.5;41.5;16.5;38.5;251.5;56.5;16.5;11.5;5.0
23.5;53.5;22.5;11.5;42.5;11.5;61.5;244.5;66.5;22.5;11.5;5.0
22.5;55.5;23.5;12.5;44.5;8.5;58.5;237.5;64.5;22.5;11.5;6.0
44.5;17.5;59.5;13.5;74.5;26.5;81.5;244.5;38.5;17.5;17.5;5.0
29.5;26.5;50.5;13.5;47.5;14.5;63.5;251.5;46.5;19.5;9.5;5.0
32.5;71.5;12.5;24.5;49.5;9.5;22.5;276.5;51.5;13.5;17.5;5.0
34.5;39.5;35.5;13.5;49.5;15.5;110.5;224.5;32.5;19.5;13.5;5.0
34.5;38.5;34.5;12.5;47.5;17.5;110.5;224.5;32.5;19.5;13.5;5.0
37.5;39.5;37.5;28.5;42.5;21.5;108.5;276.5;35.5;26.5;12.5;5.0
19.5;24.5;27.5;12.5;39.5;21.5;45.5;266.5;69.5;26.5;18.5;6.0
23.5;57.5;14.5;40.5;64.5;16.5;108.5;231.5;40.5;25.5;13.5;5.0
31.5;45.5;23.5;17.5;36.5;7.5;24.5;194.5;40.5;19.5;17.5;5.0
31.5;45.5;23.5;17.5;36.5;7.5;24.5;194.5;40.5;19.5;17.5;5.0
33.5;50.5;35.5;13.5;39.5;24.5;108.5;224.5;37.5;18.5;12.5;5.0
28.5;48.5;32.5;21.5;39.5;15.5;51.5;224.5;58.5;23.5;23.5;5.0
70.5;16.5;62.5;13.5;32.5;12.5;23.5;294.5;23.5;61.5;22.5;6.0
9.5;96.5;10.5;3.5;11.5;13.5;89.5;13.5;69.5;49.5;53.5;7.0
24.5;123.5;8.5;15.5;26.5;12.5;27.5;92.5;63.5;7.5;37.5;4.0
51.5;18.5;49.5;5.5;21.5;9.5;20.5;234.5;34.5;46.5;24.5;7.0
43.5;24.5;50.5;15.5;62.5;39.5;110.5;272.5;16.5;67.5;11.5;5.0
23.5;39.5;13.5;6.5;40.5;16.5;45.5;133.5;48.5;43.5;13.5;5.0
25.5;31.5;37.5;7.5;53.5;16.5;35.5;174.5;46.5;19.5;9.5;5.0
25.5;32.5;38.5;7.5;54.5;14.5;33.5;178.5;46.5;20.5;9.5;6.0
83.5;16.5;75.5;24.5;60.5;9.5;24.5;329.5;32.5;41.5;31.5;7.0
83.5;16.5;75.5;24.5;60.5;9.5;24.5;329.5;32.5;41.5;31.5;7.0
33.5;47.5;33.5;11.5;34.5;26.5;108.5;184.5;41.5;17.5;11.5;5.0
33.5;33.5;30.5;26.5;64.5;18.5;91.5;211.5;34.5;31.5;12.5;5.0
65.5;16.5;60.5;15.5;19.5;7.5;15.5;292.5;43.5;52.5;26.5;7.0
52.5;42.5;62.5;13.5;5.5;5.5;15.5;158.5;42.5;50.5;47.5;6.0
35.5;75.5;26.5;27.5;48.5;10.5;58.5;228.5;47.5;20.5;21.5;6.0
71.5;33.5;66.5;15.5;24.5;5.5;11.5;292.5;33.5;31.5;23.5;6.0
37.5;47.5;28.5;17.5;25.5;28.5;61.5;162.5;42.5;7.5;22.5;5.0
33.5;77.5;10.5;21.5;57.5;10.5;37.5;266.5;36.5;35.5;18.5;6.0
25.5;38.5;51.5;59.5;25.5;26.5;108.5;266.5;46.5;40.5;26.5;5.0
42.5;56.5;18.5;13.5;65.5;13.5;45.5;180.5;26.5;21.5;33.5;5.0
36.5;75.5;24.5;17.5;37.5;11.5;37.5;218.5;48.5;19.5;8.5;5.0
30.5;38.5;21.5;12.5;41.5;10.5;40.5;148.5;51.5;18.5;17.5;5.0
33.5;42.5;35.5;21.5;45.5;24.5;110.5;207.5;42.5;24.5;13.5;5.0
33.5;20.5;39.5;13.5;47.5;24.5;54.5;194.5;46.5;23.5;12.5;6.0
29.5;42.5;28.5;13.5;65.5;16.5;68.5;148.5;27.5;21.5;12.5;5.0
23.5;53.5;6.5;6.5;22.5;5.5;6.5;119.5;54.5;24.5;13.5;5.0
41.5;60.5;27.5;13.5;48.5;8.5;24.5;296.5;40.5;24.5;21.5;6.0
39.5;58.5;38.5;13.5;54.5;15.5;51.5;269.5;43.5;21.5;25.5;4.0
32.5;32.5;27.5;24.5;38.5;29.5;59.5;178.5;49.5;22.5;26.5;6.0
44.5;50.5;52.5;13.5;118.5;27.5;77.5;194.5;16.5;87.5;13.5;6.0
45.5;93.5;16.5;24.5;54.5;9.5;19.5;305.5;51.5;27.5;18.5;5.0
32.5;32.5;27.5;24.5;38.5;29.5;59.5;178.5;49.5;22.5;26.5;6.0
24.5;41.5;27.5;24.5;46.5;10.5;33.5;228.5;58.5;14.5;33.5;5.0
7.5;37.5;6.5;7.5;19.5;19.5;101.5;18.5;66.5;26.5;45.5;7.0
35.5;25.5;8.5;11.5;43.5;12.5;45.5;184.5;49.5;16.5;19.5;6.0
40.5;24.5;22.5;27.5;55.5;18.5;54.5;292.5;46.5;34.5;16.5;6.0
24.5;41.5;27.5;24.5;46.5;10.5;33.5;228.5;58.5;14.5;33.5;5.0
37.5;117.5;11.5;19.5;30.5;7.5;33.5;228.5;44.5;19.5;6.5;6.0
27.5;57.5;2.5;12.5;62.5;14.5;34.5;221.5;49.5;22.5;6.5;6.0
27.5;57.5;2.5;12.5;62.5;14.5;34.5;221.5;49.5;22.5;6.5;6.0
27.5;60.5;2.5;12.5;62.5;15.5;35.5;221.5;49.5;22.5;9.5;6.0
27.5;57.5;2.5;12.5;62.5;14.5;34.5;221.5;49.5;22.5;6.5;6.0
37.5;117.5;11.5;19.5;30.5;7.5;33.5;228.5;44.5;19.5;6.5;6.0
44.5;58.5;39.5;9.5;114.5;5.5;58.5;244.5;12.5;73.5;11.5;5.0
75.5;25.5;58.5;15.5;58.5;6.5;20.5;325.5;26.5;35.5;32.5;6.0
32.5;48.5;12.5;11.5;66.5;28.5;102.5;145.5;20.5;13.5;18.5;6.0
91.5;7.5;46.5;17.5;40.5;10.5;20.5;338.5;19.5;48.5;9.5;7.0
91.5;7.5;46.5;17.5;40.5;10.5;20.5;338.5;19.5;48.5;9.5;7.0
28.5;62.5;2.5;13.5;49.5;6.5;19.5;301.5;73.5;60.5;19.5;6.0
26.5;66.5;9.5;12.5;40.5;16.5;47.5;228.5;50.5;16.5;13.5;5.0
37.5;51.5;19.5;19.5;37.5;11.5;69.5;187.5;32.5;9.5;11.5;5.0
32.5;42.5;8.5;9.5;39.5;9.5;35.5;178.5;47.5;12.5;18.5;6.0
28.5;62.5;2.5;13.5;49.5;6.5;19.5;301.5;73.5;60.5;19.5;6.0
63.5;18.5;46.5;7.5;28.5;16.5;33.5;308.5;34.5;42.5;21.5;6.0
26.5;51.5;2.5;11.5;39.5;16.5;30.5;251.5;59.5;34.5;19.5;6.0
66.5;21.5;50.5;31.5;55.5;5.5;17.5;311.5;29.5;17.5;26.5;5.0
32.5;85.5;44.5;12.5;57.5;8.5;82.5;162.5;35.5;23.5;13.5;5.0
26.5;51.5;2.5;11.5;39.5;16.5;30.5;251.5;59.5;34.5;19.5;6.0
35.5;47.5;25.5;32.5;38.5;17.5;107.5;221.5;38.5;21.5;11.5;5.0
49.5;20.5;39.5;17.5;40.5;5.5;9.5;292.5;34.5;26.5;9.5;5.0
21.5;69.5;2.5;15.5;40.5;12.5;52.5;224.5;61.5;31.5;9.5;5.0
32.5;29.5;77.5;11.5;125.5;8.5;41.5;224.5;18.5;83.5;12.5;5.0
55.5;17.5;49.5;24.5;50.5;14.5;29.5;332.5;48.5;44.5;26.5;7.0
34.5;19.5;25.5;9.5;42.5;18.5;41.5;184.5;41.5;29.5;11.5;5.0
25.5;115.5;6.5;13.5;52.5;12.5;63.5;145.5;47.5;24.5;12.5;4.0
35.5;41.5;5.5;9.5;35.5;10.5;31.5;151.5;46.5;21.5;21.5;5.0
34.5;24.5;25.5;11.5;42.5;23.5;45.5;187.5;40.5;31.5;11.5;5.0
80.5;46.5;51.5;21.5;29.5;5.5;23.5;337.5;20.5;51.5;32.5;5.0
73.5;12.5;54.5;11.5;36.5;6.5;6.5;224.5;32.5;36.5;23.5;7.0
36.5;102.5;2.5;33.5;61.5;26.5;57.5;344.5;72.5;36.5;18.5;4.0
34.5;21.5;48.5;36.5;43.5;15.5;33.5;258.5;47.5;50.5;51.5;8.0
24.5;43.5;6.5;30.5;42.5;7.5;23.5;314.5;79.5;55.5;12.5;6.0
70.5;4.5;53.5;42.5;68.5;4.5;19.5;331.5;40.5;61.5;22.5;6.0
34.5;44.5;8.5;42.5;52.5;27.5;57.5;203.5;48.5;31.5;29.5;6.0
70.5;4.5;53.5;42.5;68.5;4.5;19.5;331.5;40.5;61.5;22.5;6.0
64.5;24.5;60.5;42.5;36.5;17.5;61.5;327.5;34.5;42.5;22.5;5.0
39.5;73.5;22.5;21.5;41.5;10.5;34.5;262.5;43.5;28.5;12.5;5.0
30.5;61.5;20.5;71.5;53.5;27.5;90.5;323.5;50.5;41.5;12.5;5.0
34.5;44.5;8.5;42.5;52.5;27.5;57.5;203.5;48.5;31.5;29.5;6.0
24.5;43.5;6.5;30.5;42.5;7.5;23.5;314.5;79.5;55.5;12.5;6.0
70.5;4.5;53.5;42.5;68.5;4.5;19.5;331.5;40.5;61.5;22.5;6.0
58.5;18.5;47.5;67.5;38.5;5.5;9.5;276.5;35.5;46.5;49.5;8.0
44.5;28.5;34.5;59.5;52.5;10.5;43.5;321.5;50.5;41.5;26.5;7.0
69.5;12.5;46.5;36.5;36.5;6.5;15.5;311.5;24.5;46.5;11.5;6.0
32.5;13.5;70.5;35.5;119.5;5.5;6.5;251.5;37.5;72.5;19.5;7.0
31.5;41.5;14.5;30.5;32.5;12.5;49.5;244.5;48.5;21.5;8.5;5.0
44.5;28.5;34.5;59.5;52.5;10.5;43.5;321.5;50.5;41.5;26.5;7.0
54.5;50.5;9.5;34.5;66.5;32.5;67.5;341.5;43.5;35.5;18.5;5.0
54.5;50.5;9.5;34.5;66.5;32.5;67.5;341.5;43.5;35.5;18.5;5.0
75.5;34.5;57.5;13.5;38.5;25.5;45.5;333.5;22.5;40.5;24.5;6.0
30.5;28.5;14.5;30.5;57.5;29.5;49.5;218.5;49.5;34.5;24.5;6.0
42.5;41.5;11.5;22.5;56.5;20.5;45.5;276.5;46.5;50.5;28.5;7.0
71.5;31.5;55.5;33.5;69.5;33.5;93.5;349.5;32.5;59.5;9.5;5.0
42.5;41.5;11.5;22.5;56.5;20.5;45.5;276.5;46.5;50.5;28.5;7.0
65.5;6.5;50.5;13.5;118.5;6.5;14.5;288.5;42.5;35.5;26.5;5.0
59.5;45.5;25.5;26.5;56.5;18.5;44.5;329.5;34.5;28.5;24.5;6.0
24.5;22.5;27.5;21.5;63.5;5.5;12.5;194.5;53.5;24.5;22.5;6.0
87.5;20.5;54.5;32.5;59.5;17.5;49.5;350.5;17.5;45.5;13.5;6.0
63.5;39.5;48.5;22.5;38.5;5.5;23.5;339.5;17.5;28.5;13.5;5.0
61.5;95.5;39.5;24.5;51.5;26.5;66.5;294.5;28.5;16.5;19.5;5.0
26.5;57.5;8.5;13.5;48.5;8.5;25.5;310.5;77.5;37.5;16.5;5.0
27.5;61.5;4.5;19.5;59.5;5.5;27.5;326.5;77.5;44.5;17.5;5.0
24.5;64.5;8.5;15.5;45.5;8.5;29.5;307.5;78.5;35.5;16.5;5.0
30.5;42.5;8.5;24.5;51.5;20.5;40.5;203.5;50.5;23.5;29.5;6.0
66.5;4.5;50.5;6.5;33.5;7.5;11.5;258.5;34.5;28.5;22.5;6.0
38.5;71.5;14.5;24.5;57.5;12.5;24.5;329.5;63.5;36.5;21.5;5.0
29.5;64.5;14.5;7.5;105.5;5.5;17.5;168.5;51.5;18.5;13.5;5.0
39.5;61.5;62.5;15.5;75.5;12.5;86.5;258.5;32.5;16.5;9.5;5.0
58.5;42.5;50.5;22.5;28.5;6.5;21.5;336.5;24.5;23.5;11.5;6.0
31.5;55.5;34.5;17.5;47.5;7.5;50.5;211.5;48.5;16.5;12.5;5.0
58.5;29.5;44.5;21.5;109.5;6.5;10.5;329.5;31.5;26.5;13.5;6.0
58.5;32.5;46.5;21.5;110.5;5.5;8.5;329.5;31.5;27.5;13.5;6.0
29.5;15.5;40.5;9.5;27.5;9.5;26.5;224.5;53.5;17.5;13.5;6.0
58.5;42.5;50.5;22.5;28.5;6.5;21.5;336.5;24.5;23.5;11.5;6.0
34.5;42.5;26.5;13.5;37.5;15.5;100.5;168.5;39.5;18.5;12.5;6.0
45.5;35.5;33.5;27.5;58.5;19.5;93.5;296.5;44.5;27.5;13.5;6.0
41.5;36.5;32.5;30.5;41.5;30.5;108.5;276.5;42.5;17.5;12.5;5.0
29.5;22.5;31.5;24.5;52.5;26.5;68.5;198.5;51.5;32.5;33.5;5.0
26.5;21.5;31.5;22.5;61.5;20.5;49.5;180.5;54.5;29.5;33.5;6.0
51.5;46.5;25.5;34.5;66.5;37.5;88.5;331.5;42.5;29.5;22.5;5.0
51.5;84.5;14.5;28.5;47.5;30.5;70.5;313.5;42.5;28.5;25.5;6.0
53.5;62.5;41.5;32.5;48.5;21.5;55.5;317.5;49.5;35.5;38.5;7.0
51.5;84.5;14.5;28.5;47.5;30.5;70.5;313.5;42.5;28.5;25.5;6.0
53.5;62.5;41.5;32.5;48.5;21.5;55.5;317.5;49.5;35.5;38.5;7.0
48.5;53.5;28.5;34.5;55.5;25.5;83.5;335.5;36.5;26.5;17.5;5.0
33.5;55.5;7.5;19.5;44.5;6.5;14.5;262.5;41.5;27.5;11.5;5.0
58.5;50.5;44.5;27.5;55.5;35.5;69.5;319.5;40.5;34.5;13.5;6.0
55.5;38.5;22.5;75.5;36.5;13.5;46.5;351.5;28.5;33.5;9.5;6.0
55.5;38.5;22.5;75.5;36.5;13.5;46.5;351.5;28.5;33.5;9.5;6.0
71.5;42.5;68.5;37.5;81.5;6.5;10.5;284.5;17.5;38.5;38.5;7.0
58.5;33.5;52.5;48.5;71.5;5.5;9.5;292.5;40.5;47.5;38.5;5.0
88.5;13.5;64.5;24.5;47.5;6.5;17.5;342.5;28.5;31.5;17.5;6.0
62.5;35.5;41.5;13.5;26.5;7.5;11.5;294.5;30.5;26.5;13.5;5.0
57.5;22.5;66.5;28.5;82.5;10.5;37.5;292.5;35.5;30.5;48.5;6.0
57.5;22.5;66.5;28.5;82.5;10.5;37.5;292.5;35.5;30.5;48.5;6.0
35.5;48.5;30.5;32.5;31.5;21.5;105.5;258.5;34.5;18.5;12.5;6.0
39.5;46.5;10.5;15.5;69.5;16.5;40.5;155.5;25.5;16.5;33.5;5.0
34.5;61.5;3.5;22.5;43.5;17.5;34.5;187.5;46.5;38.5;40.5;7.0
74.5;69.5;55.5;34.5;87.5;7.5;17.5;323.5;29.5;48.5;45.5;7.0
44.5;32.5;47.5;12.5;17.5;6.5;12.5;92.5;47.5;34.5;48.5;6.0
33.5;32.5;34.5;27.5;45.5;29.5;54.5;266.5;43.5;28.5;24.5;5.0
79.5;38.5;60.5;30.5;67.5;28.5;94.5;348.5;28.5;64.5;38.5;6.0
80.5;14.5;56.5;19.5;47.5;12.5;25.5;333.5;23.5;85.5;18.5;7.0
77.5;20.5;52.5;21.5;31.5;10.5;17.5;337.5;24.5;81.5;9.5;6.0
61.5;31.5;50.5;26.5;30.5;5.5;14.5;251.5;33.5;51.5;36.5;6.0
64.5;26.5;49.5;11.5;79.5;6.5;10.5;297.5;42.5;39.5;18.5;6.0
64.5;26.5;49.5;11.5;79.5;6.5;10.5;297.5;42.5;39.5;18.5;6.0
74.5;47.5;52.5;24.5;47.5;6.5;28.5;347.5;24.5;42.5;29.5;6.0
25.5;67.5;2.5;12.5;32.5;40.5;59.5;288.5;72.5;45.5;19.5;5.0
21.5;92.5;4.5;26.5;37.5;17.5;30.5;137.5;70.5;53.5;46.5;7.0
91.5;38.5;69.5;30.5;58.5;6.5;11.5;311.5;14.5;57.5;43.5;6.0
51.5;46.5;33.5;27.5;54.5;15.5;42.5;288.5;23.5;56.5;21.5;6.0
46.5;87.5;2.5;24.5;58.5;11.5;24.5;329.5;48.5;50.5;12.5;6.0
62.5;64.5;24.5;26.5;71.5;17.5;30.5;346.5;40.5;62.5;19.5;6.0
46.5;89.5;2.5;24.5;61.5;11.5;22.5;329.5;47.5;47.5;12.5;6.0
32.5;63.5;2.5;21.5;55.5;8.5;15.5;266.5;39.5;37.5;11.5;5.0
89.5;42.5;79.5;52.5;80.5;23.5;73.5;352.5;30.5;41.5;53.5;5.0
16.5;7.5;42.5;5.5;31.5;41.5;113.5;6.5;37.5;23.5;42.5;6.0
22.5;80.5;3.5;21.5;43.5;17.5;28.5;137.5;67.5;25.5;51.5;6.0
70.5;29.5;54.5;30.5;45.5;29.5;51.5;339.5;38.5;52.5;33.5;5.0
60.5;31.5;68.5;29.5;77.5;12.5;25.5;237.5;36.5;39.5;40.5;7.0
74.5;32.5;68.5;31.5;72.5;10.5;19.5;337.5;27.5;49.5;25.5;7.0
81.5;25.5;68.5;24.5;53.5;10.5;37.5;349.5;29.5;32.5;18.5;6.0
37.5;70.5;25.5;13.5;64.5;14.5;77.5;258.5;31.5;34.5;12.5;5.0
41.5;34.5;33.5;24.5;51.5;21.5;46.5;297.5;49.5;55.5;19.5;6.0
74.5;48.5;68.5;22.5;37.5;6.5;33.5;323.5;17.5;20.5;21.5;5.0
80.5;35.5;65.5;13.5;36.5;6.5;11.5;316.5;11.5;51.5;23.5;5.0
83.5;54.5;68.5;61.5;48.5;7.5;38.5;354.5;19.5;37.5;21.5;7.0
55.5;31.5;52.5;34.5;71.5;7.5;17.5;288.5;38.5;57.5;41.5;6.0
83.5;54.5;68.5;61.5;48.5;7.5;38.5;354.5;19.5;37.5;21.5;7.0
59.5;48.5;63.5;24.5;41.5;11.5;20.5;337.5;28.5;33.5;6.5;5.0
58.5;20.5;54.5;27.5;99.5;15.5;71.5;336.5;30.5;28.5;12.5;5.0
49.5;13.5;55.5;21.5;39.5;6.5;14.5;180.5;32.5;77.5;43.5;7.0
24.5;83.5;4.5;19.5;28.5;35.5;59.5;272.5;69.5;42.5;19.5;5.0
34.5;10.5;42.5;7.5;21.5;11.5;21.5;218.5;44.5;51.5;4.5;6.0
46.5;14.5;50.5;11.5;32.5;26.5;42.5;218.5;44.5;68.5;28.5;6.0
29.5;45.5;24.5;17.5;70.5;12.5;68.5;162.5;17.5;27.5;9.5;5.0
91.5;29.5;65.5;40.5;54.5;6.5;43.5;350.5;13.5;45.5;31.5;6.0
70.5;43.5;72.5;47.5;84.5;6.5;11.5;305.5;13.5;47.5;41.5;7.0
70.5;34.5;52.5;30.5;43.5;19.5;43.5;345.5;38.5;75.5;33.5;6.0
49.5;13.5;55.5;21.5;39.5;6.5;14.5;180.5;32.5;77.5;43.5;7.0
69.5;56.5;68.5;65.5;53.5;6.5;20.5;316.5;23.5;63.5;56.5;6.0
38.5;31.5;40.5;22.5;59.5;24.5;56.5;288.5;43.5;34.5;31.5;6.0
38.5;12.5;44.5;13.5;45.5;11.5;23.5;266.5;33.5;44.5;12.5;6.0
90.5;30.5;70.5;28.5;50.5;17.5;39.5;350.5;18.5;44.5;21.5;6.0
38.5;12.5;44.5;13.5;45.5;11.5;23.5;266.5;33.5;44.5;12.5;6.0
38.5;12.5;44.5;13.5;45.5;11.5;23.5;266.5;33.5;44.5;12.5;6.0
32.5;40.5;30.5;15.5;52.5;23.5;50.5;292.5;54.5;38.5;9.5;5.0
29.5;57.5;9.5;21.5;55.5;11.5;33.5;288.5;55.5;40.5;17.5;6.0
33.5;43.5;28.5;13.5;53.5;23.5;44.5;294.5;53.5;38.5;9.5;6.0
38.5;62.5;17.5;12.5;44.5;17.5;38.5;251.5;43.5;18.5;16.5;6.0
33.5;35.5;28.5;12.5;53.5;23.5;49.5;294.5;55.5;38.5;9.5;6.0
51.5;25.5;33.5;22.5;61.5;16.5;45.5;297.5;31.5;34.5;21.5;7.0
11.5;99.5;7.5;5.5;10.5;12.5;84.5;13.5;68.5;46.5;52.5;8.0
90.5;30.5;70.5;28.5;50.5;17.5;39.5;350.5;18.5;44.5;21.5;6.0
50.5;24.5;54.5;13.5;47.5;6.5;22.5;292.5;30.5;15.5;13.5;5.0
39.5;63.5;63.5;13.5;75.5;13.5;91.5;237.5;28.5;18.5;8.5;5.0
82.5;51.5;67.5;19.5;28.5;6.5;21.5;333.5;15.5;21.5;19.5;5.0
75.5;24.5;77.5;44.5;31.5;7.5;34.5;346.5;34.5;24.5;53.5;7.0
21.5;77.5;4.5;71.5;82.5;54.5;108.5;329.5;59.5;17.5;19.5;5.0
70.5;50.5;61.5;24.5;52.5;13.5;45.5;316.5;30.5;29.5;33.5;6.0
70.5;50.5;61.5;24.5;52.5;13.5;45.5;316.5;30.5;29.5;33.5;6.0
42.5;83.5;24.5;19.5;29.5;9.5;38.5;187.5;22.5;19.5;12.5;5.0
21.5;77.5;4.5;71.5;82.5;54.5;108.5;329.5;59.5;17.5;19.5;5.0
32.5;12.5;32.5;9.5;24.5;20.5;34.5;96.5;41.5;11.5;31.5;6.0
77.5;37.5;56.5;24.5;50.5;19.5;60.5;337.5;22.5;25.5;26.5;6.0
69.5;51.5;51.5;26.5;50.5;10.5;37.5;329.5;27.5;27.5;26.5;6.0
32.5;68.5;7.5;26.5;40.5;15.5;23.5;266.5;38.5;25.5;8.5;5.0
42.5;17.5;48.5;5.5;24.5;11.5;21.5;211.5;48.5;40.5;22.5;6.0
53.5;33.5;49.5;22.5;28.5;9.5;24.5;294.5;36.5;29.5;31.5;6.0
75.5;26.5;68.5;30.5;58.5;12.5;26.5;331.5;30.5;27.5;31.5;7.0
59.5;20.5;60.5;38.5;102.5;6.5;12.5;237.5;31.5;34.5;36.5;6.0
80.5;35.5;51.5;48.5;35.5;26.5;45.5;294.5;17.5;21.5;16.5;4.0
45.5;32.5;36.5;22.5;45.5;26.5;82.5;314.5;50.5;26.5;13.5;6.0
46.5;34.5;37.5;21.5;45.5;23.5;74.5;314.5;50.5;26.5;13.5;5.0
26.5;77.5;18.5;12.5;64.5;15.5;73.5;211.5;39.5;28.5;11.5;5.0
54.5;28.5;55.5;70.5;62.5;6.5;15.5;311.5;39.5;46.5;40.5;7.0
43.5;41.5;36.5;26.5;52.5;24.5;108.5;297.5;38.5;25.5;13.5;5.0
41.5;75.5;26.5;69.5;78.5;31.5;108.5;350.5;44.5;71.5;11.5;5.0
61.5;37.5;66.5;17.5;74.5;6.5;16.5;237.5;38.5;30.5;40.5;6.0
25.5;48.5;14.5;12.5;56.5;34.5;108.5;143.5;56.5;12.5;26.5;5.0
74.5;25.5;53.5;13.5;81.5;7.5;16.5;331.5;36.5;40.5;25.5;6.0
23.5;84.5;2.5;11.5;31.5;34.5;48.5;276.5;74.5;32.5;19.5;5.0
50.5;46.5;35.5;21.5;54.5;35.5;63.5;251.5;40.5;37.5;41.5;7.0
21.5;97.5;5.5;19.5;24.5;32.5;44.5;114.5;64.5;20.5;46.5;7.0
32.5;113.5;22.5;13.5;12.5;15.5;56.5;137.5;48.5;8.5;32.5;5.0
60.5;10.5;49.5;15.5;31.5;6.5;20.5;284.5;27.5;54.5;33.5;7.0
32.5;113.5;22.5;13.5;12.5;15.5;56.5;137.5;48.5;8.5;32.5;5.0
21.5;97.5;5.5;19.5;24.5;32.5;44.5;114.5;64.5;20.5;46.5;7.0
19.5;64.5;10.5;15.5;10.5;19.5;44.5;96.5;61.5;13.5;37.5;6.0
50.5;86.5;24.5;12.5;42.5;6.5;28.5;316.5;38.5;20.5;28.5;6.0
46.5;41.5;35.5;4.5;35.5;9.5;26.5;284.5;36.5;24.5;11.5;5.0
83.5;97.5;65.5;21.5;53.5;13.5;31.5;333.5;22.5;24.5;25.5;6.0
60.5;10.5;49.5;15.5;31.5;6.5;20.5;284.5;27.5;54.5;33.5;7.0
33.5;45.5;37.5;17.5;39.5;21.5;62.5;266.5;37.5;20.5;9.5;5.0
74.5;24.5;71.5;19.5;43.5;12.5;20.5;155.5;12.5;29.5;51.5;6.0
78.5;26.5;65.5;19.5;56.5;6.5;14.5;346.5;28.5;13.5;13.5;5.0
59.5;29.5;57.5;32.5;41.5;22.5;50.5;331.5;27.5;53.5;19.5;6.0
78.5;26.5;65.5;19.5;56.5;6.5;14.5;346.5;28.5;13.5;13.5;5.0
35.5;64.5;32.5;13.5;25.5;38.5;58.5;155.5;38.5;20.5;23.5;6.0
66.5;34.5;74.5;32.5;31.5;6.5;18.5;311.5;29.5;30.5;35.5;6.0
59.5;29.5;57.5;32.5;41.5;22.5;50.5;331.5;27.5;53.5;19.5;6.0
25.5;55.5;20.5;6.5;27.5;7.5;46.5;108.5;20.5;24.5;11.5;5.0
81.5;17.5;73.5;17.5;37.5;6.5;25.5;314.5;4.5;46.5;18.5;8.0
74.5;28.5;67.5;16.5;33.5;7.5;23.5;316.5;18.5;32.5;36.5;6.0
93.5;67.5;77.5;38.5;64.5;6.5;39.5;358.5;9.5;32.5;35.5;7.0
55.5;33.5;51.5;26.5;42.5;11.5;15.5;187.5;35.5;27.5;39.5;7.0
8.5;47.5;3.5;9.5;19.5;5.5;23.5;29.5;69.5;48.5;48.5;7.0
50.5;77.5;12.5;15.5;44.5;6.5;27.5;311.5;35.5;20.5;22.5;6.0
80.5;25.5;62.5;24.5;46.5;31.5;68.5;331.5;22.5;37.5;26.5;5.0
48.5;37.5;31.5;15.5;87.5;6.5;12.5;224.5;34.5;36.5;35.5;5.0
41.5;42.5;24.5;13.5;64.5;7.5;23.5;218.5;32.5;20.5;23.5;6.0
74.5;26.5;71.5;27.5;60.5;17.5;31.5;329.5;22.5;25.5;31.5;6.0
74.5;26.5;71.5;27.5;60.5;17.5;31.5;329.5;22.5;25.5;31.5;6.0
39.5;24.5;55.5;11.5;121.5;9.5;22.5;288.5;18.5;70.5;8.5;6.0
23.5;46.5;5.5;9.5;49.5;18.5;31.5;224.5;56.5;27.5;21.5;6.0
59.5;19.5;65.5;27.5;49.5;5.5;18.5;336.5;38.5;38.5;35.5;7.0
25.5;9.5;42.5;7.5;28.5;21.5;63.5;114.5;62.5;27.5;34.5;5.0
68.5;55.5;69.5;56.5;51.5;6.5;15.5;316.5;34.5;33.5;57.5;8.0
44.5;50.5;41.5;19.5;60.5;5.5;18.5;311.5;49.5;22.5;24.5;5.0
47.5;57.5;23.5;26.5;62.5;29.5;61.5;316.5;40.5;22.5;16.5;5.0
59.5;19.5;65.5;27.5;49.5;5.5;18.5;336.5;38.5;38.5;35.5;7.0
71.5;48.5;68.5;17.5;39.5;10.5;43.5;348.5;37.5;21.5;6.5;3.0
47.5;32.5;54.5;19.5;48.5;14.5;19.5;276.5;47.5;25.5;36.5;6.0
38.5;54.5;24.5;24.5;52.5;6.5;15.5;297.5;38.5;25.5;11.5;5.0
65.5;12.5;70.5;23.5;50.5;10.5;21.5;237.5;30.5;25.5;41.5;5.0
36.5;62.5;71.5;17.5;63.5;25.5;108.5;251.5;20.5;17.5;6.5;5.0
70.5;18.5;56.5;15.5;49.5;5.5;11.5;314.5;10.5;34.5;9.5;6.0
55.5;15.5;42.5;28.5;63.5;10.5;22.5;347.5;60.5;55.5;17.5;5.0
58.5;39.5;44.5;13.5;34.5;21.5;47.5;297.5;28.5;36.5;38.5;6.0
43.5;35.5;47.5;24.5;30.5;7.5;14.5;85.5;44.5;43.5;61.5;6.0
69.5;22.5;71.5;15.5;55.5;6.5;17.5;337.5;29.5;26.5;9.5;6.0
42.5;93.5;4.5;3.5;35.5;36.5;44.5;114.5;32.5;22.5;18.5;5.0
85.5;18.5;67.5;24.5;58.5;15.5;43.5;331.5;17.5;25.5;28.5;5.0
51.5;43.5;44.5;21.5;46.5;25.5;48.5;237.5;32.5;35.5;37.5;6.0
80.5;24.5;57.5;24.5;48.5;25.5;64.5;330.5;27.5;46.5;25.5;6.0
54.5;21.5;57.5;15.5;27.5;5.5;10.5;244.5;38.5;43.5;28.5;5.0
60.5;14.5;53.5;9.5;45.5;10.5;20.5;297.5;32.5;53.5;12.5;6.0
51.5;66.5;26.5;17.5;52.5;5.5;24.5;316.5;26.5;24.5;23.5;5.0
48.5;13.5;43.5;13.5;56.5;6.5;12.5;292.5;40.5;34.5;17.5;5.0
59.5;10.5;51.5;11.5;40.5;6.5;16.5;281.5;30.5;70.5;33.5;6.0
51.5;66.5;26.5;17.5;52.5;5.5;24.5;316.5;26.5;24.5;23.5;5.0
49.5;67.5;13.5;26.5;42.5;6.5;27.5;305.5;31.5;34.5;22.5;6.0
61.5;14.5;41.5;79.5;34.5;6.5;19.5;356.5;24.5;30.5;9.5;5.0
49.5;16.5;58.5;27.5;45.5;6.5;13.5;194.5;27.5;56.5;40.5;8.0
61.5;22.5;61.5;17.5;96.5;6.5;14.5;311.5;16.5;69.5;12.5;5.0
61.5;22.5;62.5;17.5;96.5;7.5;14.5;311.5;16.5;70.5;12.5;5.0
61.5;33.5;70.5;43.5;75.5;6.5;20.5;237.5;18.5;30.5;57.5;6.0
57.5;64.5;41.5;12.5;19.5;6.5;13.5;276.5;29.5;11.5;21.5;5.0
57.5;64.5;41.5;12.5;19.5;6.5;13.5;276.5;29.5;11.5;21.5;5.0
57.5;60.5;38.5;11.5;18.5;5.5;10.5;297.5;29.5;6.5;21.5;6.0
71.5;18.5;57.5;27.5;46.5;35.5;63.5;342.5;44.5;56.5;31.5;7.0
48.5;26.5;42.5;24.5;38.5;10.5;22.5;305.5;46.5;39.5;23.5;6.0
48.5;85.5;29.5;27.5;43.5;24.5;52.5;305.5;43.5;31.5;28.5;6.0
47.5;29.5;52.5;22.5;20.5;12.5;21.5;114.5;46.5;43.5;56.5;7.0
44.5;28.5;53.5;24.5;17.5;13.5;23.5;103.5;44.5;54.5;57.5;7.0
42.5;68.5;33.5;30.5;51.5;23.5;77.5;342.5;60.5;38.5;39.5;6.0
20.5;26.5;25.5;71.5;16.5;28.5;87.5;114.5;56.5;19.5;44.5;6.0
62.5;21.5;55.5;24.5;35.5;5.5;12.5;251.5;27.5;29.5;33.5;8.0
33.5;41.5;27.5;12.5;46.5;14.5;34.5;305.5;55.5;29.5;6.5;6.0
27.5;20.5;34.5;22.5;55.5;44.5;104.5;211.5;44.5;43.5;34.5;5.0
62.5;21.5;55.5;24.5;35.5;5.5;12.5;251.5;27.5;29.5;33.5;8.0
42.5;68.5;33.5;30.5;51.5;23.5;77.5;342.5;60.5;38.5;39.5;6.0
33.5;41.5;27.5;12.5;46.5;14.5;34.5;305.5;55.5;29.5;6.5;6.0
59.5;33.5;74.5;68.5;39.5;38.5;72.5;319.5;29.5;49.5;43.5;7.0
59.5;33.5;74.5;68.5;39.5;38.5;72.5;319.5;29.5;49.5;43.5;7.0
60.5;12.5;49.5;12.5;43.5;6.5;20.5;276.5;30.5;68.5;32.5;7.0
60.5;10.5;44.5;11.5;42.5;6.5;18.5;276.5;33.5;69.5;31.5;7.0
57.5;38.5;65.5;28.5;37.5;10.5;22.5;224.5;28.5;42.5;48.5;7.0
59.5;10.5;48.5;11.5;40.5;6.5;17.5;276.5;37.5;66.5;31.5;7.0
67.5;64.5;57.5;19.5;49.5;6.5;9.5;337.5;29.5;35.5;13.5;6.0
55.5;50.5;33.5;17.5;55.5;26.5;58.5;329.5;30.5;27.5;23.5;6.0
87.5;15.5;76.5;27.5;49.5;23.5;39.5;311.5;16.5;32.5;37.5;7.0
79.5;31.5;51.5;49.5;38.5;19.5;39.5;284.5;14.5;25.5;13.5;5.0
55.5;50.5;33.5;17.5;55.5;26.5;58.5;329.5;30.5;27.5;23.5;6.0
62.5;28.5;50.5;15.5;85.5;15.5;45.5;292.5;15.5;45.5;17.5;6.0
60.5;40.5;66.5;21.5;71.5;6.5;11.5;258.5;21.5;30.5;41.5;7.0
60.5;40.5;66.5;21.5;71.5;6.5;11.5;258.5;21.5;30.5;41.5;7.0
40.5;62.5;51.5;64.5;82.5;34.5;111.5;349.5;43.5;78.5;11.5;5.0
80.5;51.5;51.5;46.5;64.5;5.5;10.5;349.5;37.5;38.5;42.5;6.0
59.5;53.5;51.5;15.5;107.5;5.5;12.5;329.5;28.5;27.5;2.5;3.0
64.5;7.5;51.5;27.5;53.5;11.5;28.5;251.5;34.5;32.5;40.5;6.0
28.5;23.5;51.5;22.5;53.5;39.5;101.5;211.5;48.5;42.5;33.5;5.0
53.5;11.5;51.5;26.5;53.5;15.5;29.5;297.5;54.5;54.5;21.5;6.0
31.5;29.5;51.5;13.5;53.5;16.5;39.5;292.5;60.5;28.5;8.5;5.0
37.5;26.5;51.5;19.5;64.5;47.5;108.5;288.5;50.5;63.5;18.5;5.0
48.5;28.5;51.5;22.5;50.5;38.5;110.5;284.5;34.5;19.5;12.5;5.0
47.5;32.5;51.5;21.5;51.5;23.5;107.5;276.5;35.5;28.5;13.5;5.0
59.5;59.5;26.5;27.5;69.5;29.5;49.5;336.5;36.5;31.5;19.5;5.0
28.5;23.5;51.5;22.5;53.5;39.5;101.5;211.5;48.5;42.5;33.5;5.0
25.5;25.5;51.5;22.5;62.5;33.5;81.5;180.5;51.5;41.5;37.5;6.0
37.5;31.5;51.5;24.5;49.5;32.5;51.5;316.5;46.5;39.5;4.5;6.0
54.5;57.5;26.5;21.5;42.5;6.5;29.5;266.5;21.5;21.5;12.5;5.0
46.5;8.5;26.5;15.5;43.5;2.5;24.5;319.5;53.5;51.5;24.5;6.0
74.5;25.5;51.5;26.5;63.5;12.5;38.5;346.5;28.5;25.5;24.5;5.0
74.5;25.5;51.5;26.5;63.5;12.5;38.5;346.5;28.5;25.5;24.5;5.0
58.5;13.5;26.5;15.5;37.5;15.5;29.5;143.5;34.5;30.5;51.5;6.0
55.5;37.5;26.5;26.5;66.5;13.5;28.5;337.5;40.5;20.5;21.5;6.0
46.5;8.5;26.5;15.5;43.5;2.5;24.5;319.5;53.5;51.5;24.5;6.0
54.5;57.5;26.5;21.5;42.5;6.5;29.5;266.5;21.5;21.5;12.5;5.0
36.5;94.5;26.5;15.5;49.5;5.5;9.5;251.5;49.5;41.5;29.5;6.0
84.5;21.5;51.5;61.5;31.5;5.5;31.5;350.5;32.5;30.5;43.5;7.0
67.5;39.5;75.5;55.5;64.5;5.5;13.5;331.5;34.5;26.5;35.5;5.0
47.5;50.5;26.5;33.5;65.5;20.5;43.5;316.5;38.5;31.5;16.5;5.0
50.5;35.5;51.5;66.5;29.5;5.5;13.5;316.5;33.5;37.5;33.5;6.0
48.5;73.5;26.5;15.5;35.5;5.5;16.5;211.5;24.5;23.5;19.5;5.0
67.5;62.5;26.5;22.5;50.5;16.5;49.5;326.5;18.5;36.5;33.5;6.0
91.5;17.5;75.5;11.5;40.5;6.5;11.5;348.5;3.5;43.5;2.5;6.0
46.5;36.5;51.5;24.5;59.5;38.5;101.5;297.5;20.5;23.5;8.5;5.0
30.5;45.5;26.5;13.5;43.5;10.5;24.5;301.5;57.5;42.5;13.5;6.0
61.5;17.5;51.5;22.5;32.5;6.5;17.5;314.5;38.5;50.5;29.5;6.0
79.5;21.5;51.5;24.5;44.5;27.5;65.5;329.5;24.5;39.5;25.5;6.0
45.5;42.5;51.5;12.5;100.5;6.5;21.5;272.5;39.5;25.5;12.5;6.0
23.5;40.5;3.5;15.5;39.5;9.5;21.5;155.5;45.5;20.5;13.5;6.0
49.5;32.5;26.5;27.5;57.5;14.5;41.5;292.5;31.5;37.5;21.5;6.0
50.5;35.5;26.5;26.5;57.5;14.5;40.5;292.5;24.5;38.5;21.5;6.0
5.5;121.5;26.5;7.5;15.5;32.5;92.5;29.5;83.5;26.5;38.5;5.0
92.5;60.5;51.5;44.5;60.5;10.5;19.5;358.5;6.5;38.5;34.5;5.0
92.5;60.5;51.5;44.5;60.5;10.5;19.5;358.5;6.5;38.5;34.5;5.0
64.5;42.5;51.5;49.5;79.5;10.5;13.5;342.5;19.5;20.5;40.5;6.0
93.5;60.5;51.5;44.5;60.5;10.5;19.5;358.5;6.5;38.5;34.5;5.0
64.5;42.5;51.5;49.5;79.5;10.5;13.5;342.5;19.5;20.5;40.5;6.0
85.5;36.5;51.5;46.5;50.5;6.5;43.5;353.5;42.5;32.5;50.5;6.0
82.5;51.5;51.5;27.5;40.5;5.5;15.5;329.5;26.5;21.5;37.5;5.0
45.5;33.5;51.5;21.5;43.5;26.5;108.5;284.5;35.5;22.5;9.5;5.0
45.5;43.5;51.5;28.5;59.5;42.5;103.5;297.5;20.5;25.5;9.5;5.0
31.5;15.5;51.5;26.5;57.5;25.5;56.5;244.5;43.5;25.5;22.5;6.0
85.5;36.5;51.5;46.5;50.5;6.5;43.5;353.5;42.5;32.5;50.5;6.0
82.5;51.5;51.5;27.5;40.5;5.5;15.5;329.5;26.5;21.5;37.5;5.0
42.5;70.5;26.5;22.5;112.5;5.5;11.5;321.5;44.5;24.5;6.5;6.0
42.5;70.5;26.5;22.5;112.5;5.5;11.5;321.5;44.5;24.5;6.5;6.0
53.5;39.5;51.5;24.5;114.5;5.5;16.5;319.5;43.5;43.5;29.5;6.0
17.5;22.5;26.5;17.5;60.5;19.5;38.5;80.5;69.5;21.5;40.5;6.0
70.5;21.5;51.5;33.5;35.5;10.5;33.5;345.5;44.5;55.5;33.5;6.0
17.5;22.5;26.5;17.5;60.5;19.5;38.5;80.5;69.5;21.5;40.5;6.0
57.5;10.5;51.5;21.5;40.5;10.5;24.5;284.5;26.5;25.5;25.5;5.0
60.5;50.5;51.5;15.5;35.5;14.5;43.5;321.5;42.5;20.5;16.5;4.0
61.5;20.5;51.5;32.5;43.5;20.5;74.5;323.5;31.5;34.5;21.5;6.0
78.5;13.5;51.5;31.5;44.5;28.5;42.5;326.5;32.5;44.5;23.5;6.0
54.5;39.5;26.5;19.5;67.5;6.5;10.5;284.5;46.5;16.5;21.5;4.0
43.5;33.5;51.5;27.5;48.5;18.5;104.5;297.5;42.5;24.5;13.5;5.0
43.5;36.5;51.5;28.5;50.5;17.5;103.5;297.5;41.5;24.5;18.5;5.0
61.5;17.5;51.5;17.5;28.5;18.5;36.5;276.5;26.5;15.5;18.5;6.0
78.5;39.5;51.5;17.5;54.5;5.5;10.5;342.5;31.5;8.5;16.5;5.0
78.5;39.5;51.5;17.5;54.5;5.5;10.5;342.5;31.5;8.5;16.5;5.0
72.5;38.5;51.5;17.5;48.5;5.5;11.5;337.5;31.5;7.5;9.5;5.0
75.5;14.5;51.5;12.5;39.5;10.5;17.5;276.5;10.5;30.5;19.5;7.0
73.5;19.5;51.5;34.5;58.5;52.5;76.5;342.5;42.5;40.5;29.5;7.0
31.5;40.5;26.5;21.5;56.5;8.5;34.5;292.5;59.5;30.5;16.5;6.0
66.5;17.5;51.5;26.5;59.5;16.5;43.5;311.5;24.5;66.5;28.5;7.0
28.5;76.5;26.5;12.5;72.5;18.5;97.5;218.5;38.5;23.5;11.5;5.0
5.5;31.5;26.5;13.5;25.5;19.5;46.5;8.5;82.5;38.5;61.5;8.0
57.5;15.5;51.5;24.5;24.5;5.5;9.5;276.5;17.5;38.5;26.5;7.0
45.5;34.5;51.5;24.5;49.5;21.5;71.5;314.5;47.5;21.5;17.5;5.0
21.5;26.5;51.5;9.5;35.5;23.5;111.5;11.5;24.5;14.5;38.5;6.0
45.5;34.5;51.5;24.5;49.5;21.5;71.5;314.5;47.5;21.5;17.5;5.0
54.5;38.5;60.5;35.5;59.5;9.5;39.5;346.5;41.5;22.5;6.5;5.0
34.5;74.5;19.5;24.5;61.5;20.5;34.5;284.5;52.5;17.5;13.5;5.0
44.5;51.5;43.5;71.5;51.5;30.5;102.5;336.5;39.5;21.5;11.5;5.0
79.5;28.5;53.5;13.5;24.5;6.5;20.5;329.5;16.5;24.5;11.5;6.0
74.5;48.5;60.5;12.5;36.5;5.5;14.5;292.5;21.5;27.5;21.5;6.0
40.5;49.5;20.5;15.5;43.5;5.5;26.5;218.5;32.5;12.5;18.5;6.0
82.5;50.5;47.5;19.5;47.5;11.5;18.5;337.5;12.5;34.5;11.5;6.0
37.5;109.5;29.5;15.5;53.5;7.5;19.5;180.5;38.5;11.5;21.5;4.0
86.5;35.5;54.5;17.5;36.5;12.5;31.5;347.5;22.5;20.5;6.5;6.0
32.5;96.5;2.5;24.5;46.5;6.5;10.5;272.5;42.5;16.5;11.5;5.0
86.5;35.5;54.5;17.5;36.5;12.5;31.5;347.5;22.5;20.5;6.5;6.0
38.5;48.5;15.5;28.5;61.5;14.5;59.5;305.5;29.5;26.5;8.5;6.0
38.5;51.5;15.5;24.5;50.5;6.5;20.5;305.5;43.5;23.5;9.5;6.0
49.5;29.5;50.5;49.5;37.5;10.5;16.5;258.5;46.5;43.5;45.5;7.0
43.5;37.5;43.5;33.5;57.5;26.5;48.5;297.5;43.5;17.5;26.5;6.0
56.5;61.5;39.5;54.5;73.5;11.5;61.5;356.5;44.5;28.5;25.5;6.0
18.5;22.5;21.5;32.5;40.5;15.5;35.5;143.5;68.5;16.5;50.5;6.0
43.5;10.5;56.5;22.5;48.5;25.5;53.5;301.5;51.5;18.5;9.5;5.0
86.5;25.5;57.5;26.5;46.5;5.5;12.5;347.5;10.5;18.5;12.5;5.0
30.5;59.5;2.5;21.5;42.5;18.5;25.5;203.5;44.5;24.5;21.5;6.0
37.5;26.5;40.5;6.5;23.5;10.5;25.5;180.5;38.5;38.5;18.5;5.0
47.5;81.5;20.5;17.5;95.5;10.5;98.5;231.5;4.5;85.5;23.5;6.0
51.5;51.5;52.5;19.5;44.5;28.5;67.5;333.5;62.5;21.5;17.5;5.0
51.5;51.5;52.5;19.5;44.5;28.5;67.5;333.5;62.5;21.5;17.5;5.0
70.5;17.5;53.5;17.5;44.5;14.5;24.5;297.5;15.5;57.5;18.5;6.0
69.5;35.5;52.5;26.5;82.5;4.5;13.5;347.5;25.5;34.5;23.5;5.0
68.5;24.5;43.5;19.5;53.5;6.5;12.5;316.5;21.5;44.5;11.5;5.0
38.5;43.5;26.5;34.5;41.5;16.5;104.5;276.5;39.5;25.5;12.5;5.0
37.5;46.5;25.5;34.5;43.5;14.5;99.5;276.5;40.5;26.5;12.5;5.0
55.5;48.5;24.5;12.5;45.5;9.5;28.5;266.5;25.5;19.5;13.5;5.0
34.5;40.5;27.5;28.5;42.5;21.5;41.5;266.5;61.5;60.5;44.5;6.0
23.5;68.5;2.5;59.5;84.5;21.5;54.5;333.5;58.5;36.5;23.5;5.0
23.5;68.5;2.5;59.5;84.5;21.5;54.5;333.5;58.5;36.5;23.5;5.0
43.5;51.5;31.5;17.5;63.5;5.5;11.5;316.5;48.5;13.5;8.5;5.0
43.5;51.5;31.5;17.5;63.5;5.5;11.5;316.5;48.5;13.5;8.5;5.0
42.5;43.5;28.5;22.5;62.5;7.5;27.5;276.5;39.5;24.5;11.5;6.0
31.5;67.5;25.5;19.5;74.5;20.5;80.5;194.5;33.5;25.5;11.5;5.0
42.5;43.5;28.5;22.5;62.5;7.5;27.5;276.5;39.5;24.5;11.5;6.0
59.5;14.5;56.5;26.5;69.5;5.5;15.5;316.5;37.5;27.5;13.5;5.0
31.5;29.5;16.5;30.5;52.5;21.5;39.5;194.5;44.5;21.5;26.5;6.0
56.5;110.5;24.5;34.5;69.5;11.5;82.5;349.5;55.5;28.5;36.5;4.0
34.5;21.5;23.5;12.5;38.5;46.5;97.5;194.5;39.5;22.5;13.5;5.0
42.5;97.5;2.5;5.5;30.5;24.5;29.5;130.5;39.5;19.5;17.5;5.0
51.5;104.5;30.5;21.5;51.5;30.5;110.5;288.5;36.5;17.5;12.5;5.0
50.5;105.5;29.5;19.5;49.5;31.5;110.5;284.5;36.5;17.5;12.5;5.0
32.5;109.5;14.5;17.5;91.5;7.5;19.5;194.5;47.5;29.5;23.5;7.0
44.5;15.5;37.5;12.5;32.5;25.5;53.5;237.5;30.5;85.5;24.5;6.0
54.5;43.5;47.5;19.5;36.5;16.5;36.5;321.5;51.5;26.5;12.5;5.0
50.5;50.5;46.5;19.5;36.5;21.5;64.5;323.5;58.5;27.5;13.5;5.0
54.5;43.5;47.5;19.5;36.5;16.5;36.5;321.5;51.5;26.5;12.5;5.0
50.5;50.5;46.5;19.5;36.5;21.5;64.5;323.5;58.5;27.5;13.5;5.0
54.5;43.5;47.5;19.5;36.5;16.5;36.5;321.5;51.5;26.5;12.5;5.0
33.5;59.5;12.5;63.5;76.5;5.5;7.5;305.5;49.5;33.5;22.5;7.0
28.5;64.5;7.5;36.5;71.5;6.5;16.5;251.5;52.5;27.5;22.5;5.0
38.5;98.5;3.5;17.5;35.5;5.5;10.5;218.5;44.5;22.5;33.5;4.0
42.5;37.5;32.5;27.5;31.5;10.5;24.5;194.5;45.5;31.5;35.5;7.0
22.5;31.5;29.5;72.5;33.5;24.5;110.5;92.5;28.5;21.5;36.5;6.0
62.5;32.5;41.5;17.5;70.5;8.5;28.5;311.5;5.5;14.5;16.5;5.0
53.5;104.5;27.5;22.5;68.5;35.5;112.5;349.5;53.5;31.5;35.5;5.0
265.5;22.5;67.5;71.5;61.5;22.5;67.5;276.5;10.5;48.5;62.5;5.0
49.5;19.5;61.5;27.5;44.5;9.5;26.5;276.5;24.5;18.5;43.5;6.0
41.5;36.5;49.5;21.5;39.5;7.5;25.5;288.5;20.5;10.5;13.5;5.0
52.5;45.5;19.5;28.5;52.5;20.5;49.5;346.5;26.5;25.5;12.5;5.0
62.5;32.5;41.5;17.5;70.5;8.5;28.5;311.5;5.5;14.5;16.5;5.0
75.5;39.5;61.5;5.5;38.5;23.5;38.5;292.5;6.5;32.5;26.5;7.0
27.5;41.5;9.5;5.5;39.5;5.5;16.5;258.5;44.5;45.5;16.5;6.0
26.5;97.5;4.5;47.5;61.5;5.5;9.5;237.5;53.5;21.5;33.5;4.0
27.5;41.5;9.5;5.5;39.5;5.5;16.5;258.5;44.5;45.5;16.5;6.0
30.5;31.5;33.5;7.5;45.5;15.5;38.5;284.5;43.5;28.5;6.5;5.0
27.5;47.5;8.5;7.5;41.5;9.5;23.5;251.5;48.5;34.5;16.5;6.0
56.5;14.5;48.5;11.5;15.5;5.5;9.5;266.5;16.5;43.5;23.5;6.0
76.5;28.5;54.5;13.5;57.5;15.5;50.5;337.5;15.5;30.5;23.5;5.0
49.5;50.5;16.5;13.5;49.5;25.5;44.5;294.5;26.5;20.5;17.5;5.0
38.5;38.5;38.5;11.5;111.5;6.5;12.5;292.5;30.5;24.5;13.5;6.0
68.5;20.5;47.5;13.5;47.5;6.5;11.5;316.5;8.5;30.5;9.5;6.0
55.5;76.5;45.5;19.5;24.5;15.5;27.5;211.5;27.5;21.5;33.5;5.0
68.5;20.5;47.5;13.5;47.5;6.5;11.5;316.5;8.5;30.5;9.5;6.0
24.5;28.5;26.5;22.5;48.5;30.5;41.5;162.5;38.5;22.5;21.5;5.0
37.5;76.5;23.5;9.5;39.5;5.5;9.5;224.5;32.5;16.5;13.5;5.0
53.5;126.5;36.5;13.5;44.5;32.5;111.5;292.5;27.5;17.5;13.5;5.0
37.5;76.5;23.5;9.5;39.5;5.5;9.5;224.5;32.5;16.5;13.5;5.0
63.5;28.5;43.5;17.5;49.5;7.5;13.5;305.5;20.5;31.5;11.5;6.0
48.5;29.5;41.5;17.5;29.5;12.5;27.5;305.5;38.5;29.5;23.5;5.0
63.5;28.5;43.5;17.5;49.5;7.5;13.5;305.5;20.5;31.5;11.5;6.0
41.5;90.5;13.5;19.5;49.5;12.5;27.5;288.5;52.5;12.5;19.5;5.0
38.5;86.5;12.5;24.5;46.5;45.5;83.5;301.5;60.5;17.5;21.5;5.0
63.5;12.5;47.5;33.5;25.5;20.5;45.5;251.5;25.5;18.5;16.5;5.0
87.5;32.5;60.5;12.5;35.5;15.5;36.5;346.5;18.5;13.5;6.5;5.0
35.5;34.5;25.5;17.5;59.5;16.5;25.5;180.5;33.5;13.5;23.5;6.0
40.5;35.5;33.5;18.5;43.5;32.5;54.5;292.5;45.5;18.5;18.5;5.0
36.5;86.5;25.5;24.5;24.5;5.5;11.5;237.5;49.5;20.5;36.5;5.0
53.5;116.5;34.5;19.5;43.5;35.5;112.5;292.5;37.5;12.5;12.5;5.0
36.5;86.5;25.5;24.5;24.5;5.5;11.5;237.5;49.5;20.5;36.5;5.0
26.5;61.5;20.5;11.5;35.5;13.5;36.5;237.5;56.5;24.5;8.5;5.0
46.5;59.5;25.5;31.5;60.5;13.5;34.5;336.5;40.5;23.5;17.5;5.0
32.5;62.5;6.5;7.5;5.5;4.5;5.5;180.5;52.5;11.5;12.5;5.0
36.5;25.5;50.5;11.5;98.5;5.5;13.5;276.5;42.5;69.5;12.5;5.0
29.5;125.5;2.5;45.5;62.5;5.5;10.5;211.5;75.5;18.5;29.5;3.0
47.5;110.5;26.5;24.5;52.5;12.5;89.5;336.5;60.5;18.5;18.5;5.0
41.5;38.5;53.5;13.5;124.5;16.5;58.5;288.5;15.5;80.5;6.5;5.0
45.5;37.5;34.5;27.5;49.5;21.5;108.5;305.5;44.5;26.5;12.5;5.0
45.5;36.5;33.5;26.5;49.5;24.5;108.5;305.5;43.5;25.5;12.5;5.0
6.5;36.5;4.5;4.5;3.5;18.5;40.5;11.5;85.5;26.5;51.5;6.0
25.5;61.5;4.5;15.5;31.5;8.5;21.5;251.5;59.5;31.5;13.5;6.0
25.5;61.5;4.5;15.5;31.5;8.5;21.5;251.5;59.5;31.5;13.5;6.0
49.5;54.5;30.5;32.5;52.5;18.5;68.5;339.5;43.5;17.5;17.5;5.0
73.5;25.5;57.5;15.5;36.5;5.5;15.5;311.5;23.5;26.5;31.5;6.0
61.5;119.5;45.5;28.5;41.5;26.5;84.5;305.5;20.5;21.5;22.5;6.0
25.5;61.5;4.5;15.5;31.5;8.5;21.5;251.5;59.5;31.5;13.5;6.0
25.5;59.5;4.5;15.5;32.5;9.5;19.5;237.5;59.5;31.5;12.5;6.0
30.5;25.5;50.5;24.5;38.5;22.5;80.5;251.5;44.5;34.5;16.5;4.0
46.5;83.5;6.5;7.5;43.5;4.5;10.5;292.5;41.5;18.5;17.5;4.0
39.5;121.5;17.5;63.5;38.5;11.5;50.5;319.5;49.5;13.5;19.5;5.0
25.5;86.5;10.5;13.5;58.5;10.5;15.5;143.5;52.5;11.5;21.5;5.0
29.5;38.5;21.5;30.5;42.5;16.5;33.5;211.5;49.5;15.5;26.5;5.0
33.5;44.5;14.5;22.5;33.5;11.5;31.5;168.5;46.5;25.5;39.5;6.0
52.5;17.5;49.5;7.5;27.5;13.5;29.5;301.5;39.5;30.5;21.5;6.0
61.5;120.5;45.5;27.5;45.5;21.5;80.5;308.5;18.5;21.5;22.5;5.0
44.5;47.5;36.5;30.5;58.5;16.5;104.5;336.5;50.5;25.5;13.5;5.0
42.5;68.5;2.5;32.5;49.5;13.5;29.5;323.5;48.5;9.5;12.5;5.0
35.5;32.5;38.5;19.5;40.5;10.5;44.5;276.5;46.5;10.5;12.5;5.0
54.5;78.5;30.5;24.5;43.5;21.5;73.5;292.5;40.5;15.5;18.5;5.0
27.5;38.5;20.5;26.5;34.5;13.5;30.5;218.5;41.5;12.5;9.5;6.0
35.5;32.5;38.5;19.5;40.5;10.5;44.5;276.5;46.5;10.5;12.5;5.0
31.5;35.5;13.5;24.5;44.5;12.5;45.5;224.5;33.5;21.5;21.5;5.0
39.5;46.5;6.5;13.5;47.5;10.5;18.5;276.5;34.5;8.5;16.5;5.0
26.5;62.5;2.5;41.5;51.5;17.5;41.5;276.5;58.5;18.5;13.5;5.0
39.5;46.5;6.5;13.5;47.5;10.5;18.5;276.5;34.5;8.5;16.5;5.0
44.5;37.5;26.5;28.5;59.5;35.5;101.5;297.5;22.5;17.5;9.5;5.0
31.5;31.5;10.5;26.5;49.5;15.5;44.5;224.5;33.5;23.5;21.5;5.0
26.5;17.5;32.5;17.5;18.5;36.5;108.5;203.5;8.5;88.5;13.5;5.0
30.5;124.5;12.5;31.5;51.5;5.5;8.5;155.5;66.5;24.5;35.5;4.0
45.5;62.5;19.5;30.5;42.5;5.5;9.5;276.5;41.5;19.5;25.5;5.0
36.5;74.5;11.5;27.5;49.5;18.5;45.5;329.5;55.5;36.5;34.5;6.0
19.5;47.5;4.5;11.5;32.5;4.5;7.5;237.5;58.5;32.5;13.5;5.0
19.5;47.5;4.5;11.5;32.5;4.5;7.5;237.5;58.5;32.5;13.5;5.0
19.5;102.5;5.5;32.5;36.5;27.5;54.5;103.5;73.5;13.5;50.5;6.0
50.5;45.5;68.5;19.5;121.5;12.5;33.5;297.5;29.5;31.5;16.5;5.0
44.5;103.5;15.5;35.5;53.5;4.5;10.5;329.5;56.5;16.5;38.5;5.0
28.5;96.5;5.5;15.5;57.5;10.5;15.5;211.5;51.5;11.5;16.5;5.0
25.5;34.5;36.5;26.5;47.5;16.5;68.5;292.5;67.5;24.5;13.5;5.0
32.5;46.5;22.5;13.5;40.5;9.5;35.5;314.5;60.5;26.5;11.5;5.0
32.5;114.5;12.5;15.5;75.5;11.5;18.5;187.5;38.5;14.5;13.5;5.0
32.5;114.5;12.5;15.5;75.5;11.5;18.5;187.5;38.5;14.5;13.5;5.0
37.5;50.5;2.5;22.5;58.5;19.5;54.5;342.5;62.5;29.5;11.5;6.0
45.5;35.5;25.5;27.5;57.5;28.5;99.5;301.5;22.5;20.5;9.5;5.0
45.5;68.5;2.5;21.5;53.5;19.5;34.5;319.5;47.5;24.5;11.5;5.0
38.5;82.5;31.5;44.5;40.5;12.5;12.5;203.5;57.5;32.5;38.5;6.0
47.5;42.5;26.5;24.5;43.5;28.5;109.5;288.5;33.5;21.5;13.5;5.0
20.5;54.5;2.5;12.5;30.5;9.5;14.5;251.5;58.5;29.5;9.5;5.0
71.5;29.5;60.5;27.5;61.5;25.5;96.5;343.5;25.5;17.5;21.5;5.0
66.5;26.5;56.5;26.5;60.5;21.5;96.5;339.5;25.5;15.5;13.5;5.0
28.5;40.5;20.5;15.5;35.5;12.5;24.5;279.5;64.5;37.5;13.5;6.0
37.5;20.5;40.5;22.5;45.5;12.5;53.5;284.5;42.5;11.5;6.5;6.0
41.5;19.5;42.5;24.5;48.5;16.5;64.5;285.5;42.5;12.5;12.5;5.0
27.5;39.5;20.5;15.5;36.5;12.5;27.5;277.5;64.5;36.5;16.5;6.0
28.5;40.5;20.5;15.5;35.5;12.5;24.5;279.5;64.5;37.5;13.5;6.0
38.5;61.5;12.5;28.5;54.5;17.5;36.5;293.5;41.5;19.5;13.5;5.0
38.5;61.5;12.5;28.5;54.5;17.5;36.5;293.5;41.5;19.5;13.5;5.0
31.5;43.5;15.5;22.5;62.5;24.5;62.5;286.5;51.5;25.5;12.5;5.0
38.5;61.5;12.5;28.5;54.5;17.5;36.5;293.5;41.5;19.5;13.5;5.0
33.5;37.5;70.5;9.5;123.5;14.5;28.5;208.5;21.5;70.5;8.5;6.0
33.5;108.5;9.5;12.5;23.5;22.5;43.5;119.5;63.5;7.5;29.5;6.0
18.5;116.5;3.5;13.5;22.5;15.5;29.5;94.5;72.5;10.5;35.5;6.0
36.5;102.5;2.5;17.5;49.5;10.5;27.5;208.5;37.5;14.5;18.5;5.0
36.5;102.5;2.5;17.5;49.5;10.5;27.5;208.5;37.5;14.5;18.5;5.0
43.5;31.5;23.5;22.5;57.5;33.5;84.5;298.5;31.5;16.5;9.5;5.0
45.5;48.5;27.5;27.5;40.5;9.5;99.5;283.5;35.5;21.5;17.5;5.0
48.5;62.5;28.5;13.5;61.5;5.5;31.5;264.5;37.5;6.5;16.5;5.0
43.5;70.5;2.5;9.5;34.5;8.5;15.5;238.5;43.5;17.5;21.5;6.0
48.5;62.5;28.5;13.5;61.5;5.5;31.5;264.5;37.5;6.5;16.5;5.0
46.5;66.5;13.5;27.5;58.5;11.5;40.5;317.5;43.5;19.5;13.5;6.0
47.5;64.5;12.5;30.5;56.5;12.5;44.5;317.5;43.5;18.5;13.5;6.0
43.5;50.5;20.5;28.5;54.5;12.5;70.5;264.5;26.5;18.5;12.5;5.0
30.5;51.5;34.5;26.5;67.5;13.5;93.5;328.5;57.5;26.5;13.5;5.0
26.5;50.5;4.5;19.5;47.5;24.5;90.5;268.5;67.5;17.5;17.5;6.0
34.5;74.5;3.5;12.5;41.5;7.5;28.5;217.5;51.5;18.5;16.5;5.0
26.5;50.5;4.5;19.5;47.5;24.5;90.5;268.5;67.5;17.5;17.5;6.0
49.5;67.5;28.5;21.5;47.5;23.5;110.5;284.5;40.5;19.5;12.5;5.0
50.5;47.5;29.5;19.5;47.5;23.5;110.5;285.5;39.5;19.5;12.5;5.0
34.5;28.5;31.5;11.5;98.5;2.5;40.5;258.5;42.5;56.5;13.5;6.0
34.5;28.5;32.5;11.5;98.5;3.5;41.5;255.5;43.5;55.5;13.5;6.0
27.5;117.5;2.5;30.5;66.5;7.5;12.5;159.5;55.5;10.5;21.5;5.0
24.5;83.5;20.5;21.5;114.5;6.5;44.5;175.5;52.5;24.5;24.5;6.0
24.5;58.5;19.5;21.5;113.5;6.5;14.5;174.5;52.5;23.5;24.5;6.0
38.5;32.5;32.5;34.5;44.5;7.5;30.5;288.5;48.5;25.5;26.5;5.0
26.5;41.5;5.5;24.5;41.5;21.5;88.5;269.5;62.5;24.5;18.5;5.0
25.5;47.5;2.5;13.5;106.5;12.5;41.5;222.5;43.5;24.5;12.5;6.0
20.5;35.5;16.5;21.5;75.5;9.5;33.5;259.5;76.5;29.5;18.5;5.0
45.5;93.5;7.5;21.5;46.5;26.5;92.5;295.5;48.5;17.5;21.5;5.0
20.5;35.5;16.5;21.5;75.5;9.5;33.5;259.5;76.5;29.5;18.5;5.0
26.5;50.5;3.5;22.5;42.5;20.5;81.5;270.5;67.5;23.5;18.5;5.0
54.5;21.5;43.5;19.5;48.5;11.5;57.5;297.5;33.5;14.5;13.5;5.0
54.5;21.5;43.5;19.5;48.5;11.5;57.5;297.5;33.5;14.5;13.5;5.0
55.5;46.5;26.5;17.5;44.5;19.5;54.5;321.5;30.5;20.5;22.5;6.0
55.5;46.5;26.5;17.5;44.5;19.5;54.5;321.5;30.5;20.5;22.5;6.0
41.5;57.5;19.5;28.5;64.5;21.5;107.5;292.5;21.5;16.5;11.5;5.0
29.5;24.5;45.5;24.5;47.5;18.5;78.5;243.5;45.5;32.5;17.5;6.0
43.5;59.5;19.5;28.5;49.5;25.5;108.5;297.5;35.5;18.5;16.5;5.0
26.5;53.5;4.5;22.5;46.5;17.5;83.5;269.5;60.5;24.5;17.5;6.0
32.5;51.5;2.5;24.5;20.5;7.5;9.5;193.5;50.5;20.5;31.5;5.0
56.5;13.5;56.5;19.5;30.5;7.5;22.5;124.5;29.5;17.5;48.5;6.0
63.5;106.5;32.5;24.5;88.5;7.5;56.5;286.5;11.5;81.5;23.5;5.0
42.5;35.5;33.5;22.5;86.5;24.5;60.5;270.5;22.5;38.5;16.5;5.0
48.5;24.5;46.5;7.5;4.5;21.5;38.5;120.5;36.5;45.5;31.5;7.0
49.5;39.5;36.5;36.5;47.5;5.5;10.5;314.5;41.5;16.5;29.5;6.0
49.5;39.5;36.5;36.5;47.5;5.5;10.5;314.5;41.5;16.5;29.5;6.0
27.5;53.5;10.5;42.5;47.5;26.5;102.5;195.5;37.5;15.5;12.5;5.0
41.5;45.5;11.5;33.5;33.5;8.5;13.5;262.5;35.5;8.5;21.5;5.0
6.5;49.5;2.5;9.5;9.5;14.5;82.5;17.5;68.5;58.5;52.5;7.0
32.5;46.5;10.5;22.5;75.5;14.5;42.5;244.5;36.5;30.5;16.5;6.0
39.5;41.5;24.5;26.5;49.5;4.5;14.5;225.5;38.5;21.5;19.5;6.0
37.5;14.5;42.5;21.5;17.5;4.5;6.5;36.5;45.5;34.5;51.5;7.0
39.5;11.5;41.5;13.5;6.5;4.5;6.5;51.5;39.5;35.5;48.5;7.0
37.5;14.5;42.5;21.5;17.5;4.5;6.5;36.5;45.5;34.5;51.5;7.0
29.5;42.5;14.5;12.5;100.5;4.5;8.5;239.5;38.5;50.5;9.5;5.0
31.5;37.5;33.5;27.5;35.5;4.5;11.5;233.5;34.5;19.5;24.5;6.0
28.5;38.5;12.5;24.5;33.5;4.5;10.5;144.5;42.5;11.5;26.5;5.0
84.5;39.5;57.5;27.5;37.5;7.5;20.5;340.5;21.5;32.5;32.5;6.0
63.5;34.5;35.5;22.5;64.5;20.5;34.5;297.5;36.5;35.5;31.5;5.0
24.5;26.5;26.5;15.5;66.5;4.5;3.5;81.5;56.5;22.5;37.5;4.0
81.5;29.5;56.5;27.5;67.5;19.5;37.5;328.5;33.5;40.5;36.5;6.0
63.5;34.5;35.5;22.5;64.5;20.5;34.5;297.5;36.5;35.5;31.5;5.0
53.5;40.5;21.5;32.5;46.5;8.5;26.5;305.5;35.5;22.5;26.5;6.0
63.5;15.5;44.5;7.5;49.5;19.5;23.5;133.5;40.5;37.5;42.5;6.0
26.5;73.5;2.5;20.5;36.5;21.5;43.5;188.5;41.5;9.5;12.5;5.0
46.5;62.5;17.5;32.5;62.5;9.5;55.5;336.5;40.5;18.5;16.5;5.0
25.5;67.5;2.5;12.5;64.5;9.5;18.5;172.5;46.5;24.5;17.5;5.0
4.5;31.5;2.5;15.5;13.5;16.5;38.5;6.5;81.5;38.5;61.5;7.0
22.5;43.5;15.5;13.5;41.5;15.5;32.5;258.5;73.5;28.5;18.5;5.0
22.5;43.5;15.5;13.5;41.5;15.5;32.5;258.5;73.5;28.5;18.5;5.0
26.5;37.5;30.5;27.5;33.5;6.5;12.5;225.5;36.5;17.5;24.5;5.0
26.5;35.5;16.5;27.5;41.5;15.5;33.5;183.5;48.5;13.5;29.5;5.0
30.5;13.5;36.5;19.5;15.5;4.5;4.5;108.5;52.5;28.5;33.5;7.0
26.5;35.5;16.5;27.5;41.5;15.5;33.5;183.5;48.5;13.5;29.5;5.0
33.5;47.5;11.5;19.5;30.5;34.5;41.5;64.5;58.5;38.5;50.5;8.0
14.5;53.5;10.5;15.5;36.5;16.5;20.5;45.5;68.5;41.5;34.5;6.0
30.5;67.5;9.5;22.5;23.5;5.5;5.5;188.5;50.5;19.5;32.5;4.0
14.5;53.5;10.5;15.5;36.5;16.5;20.5;45.5;68.5;41.5;34.5;6.0
59.5;33.5;44.5;6.5;92.5;34.5;44.5;302.5;50.5;50.5;19.5;3.0
71.5;36.5;46.5;7.5;94.5;36.5;47.5;304.5;50.5;50.5;19.5;4.0
43.5;67.5;28.5;7.5;53.5;16.5;19.5;234.5;44.5;11.5;12.5;5.0
31.5;63.5;12.5;6.5;31.5;27.5;51.5;207.5;51.5;15.5;11.5;5.0
22.5;14.5;30.5;21.5;2.5;36.5;95.5;6.5;38.5;4.5;40.5;7.0
22.5;14.5;30.5;21.5;2.5;36.5;95.5;6.5;38.5;4.5;40.5;7.0
56.5;17.5;37.5;7.5;40.5;9.5;24.5;219.5;36.5;47.5;35.5;7.0
15.5;39.5;6.5;17.5;57.5;13.5;22.5;200.5;58.5;11.5;21.5;5.0
66.5;31.5;49.5;25.5;50.5;9.5;30.5;263.5;36.5;41.5;44.5;7.0
21.5;62.5;2.5;30.5;76.5;21.5;27.5;187.5;57.5;27.5;24.5;5.0
61.5;39.5;47.5;24.5;80.5;34.5;64.5;243.5;35.5;36.5;32.5;6.0
26.5;67.5;37.5;13.5;53.5;9.5;88.5;187.5;40.5;26.5;12.5;5.0
54.5;11.5;48.5;9.5;27.5;26.5;38.5;162.5;30.5;47.5;28.5;6.0
19.5;59.5;23.5;11.5;46.5;14.5;27.5;230.5;71.5;30.5;18.5;5.0
19.5;59.5;23.5;11.5;46.5;14.5;27.5;230.5;71.5;30.5;18.5;5.0
29.5;66.5;18.5;11.5;43.5;12.5;35.5;281.5;62.5;34.5;19.5;6.0
19.5;59.5;23.5;11.5;46.5;14.5;27.5;230.5;71.5;30.5;18.5;5.0
19.5;57.5;23.5;7.5;45.5;12.5;28.5;230.5;70.5;30.5;18.5;5.0
48.5;32.5;46.5;12.5;50.5;9.5;18.5;243.5;40.5;19.5;13.5;5.0
48.5;32.5;46.5;12.5;50.5;9.5;18.5;243.5;40.5;19.5;13.5;5.0
35.5;31.5;34.5;22.5;45.5;26.5;108.5;293.5;34.5;71.5;17.5;5.0
48.5;22.5;41.5;6.5;45.5;42.5;51.5;205.5;59.5;37.5;32.5;6.0
48.5;22.5;41.5;6.5;45.5;42.5;51.5;205.5;59.5;37.5;32.5;6.0
31.5;77.5;4.5;22.5;36.5;10.5;10.5;129.5;63.5;35.5;40.5;7.0
48.5;22.5;41.5;6.5;45.5;42.5;51.5;205.5;59.5;37.5;32.5;6.0
37.5;12.5;36.5;22.5;38.5;16.5;43.5;165.5;52.5;42.5;36.5;7.0
72.5;14.5;49.5;9.5;19.5;17.5;28.5;229.5;27.5;31.5;28.5;7.0
23.5;46.5;24.5;11.5;39.5;15.5;20.5;72.5;52.5;46.5;35.5;6.0
27.5;55.5;8.5;26.5;42.5;15.5;81.5;270.5;63.5;18.5;13.5;5.0
13.5;118.5;68.5;13.5;5.5;15.5;84.5;37.5;76.5;24.5;38.5;6.0
30.5;31.5;34.5;26.5;32.5;7.5;21.5;186.5;36.5;8.5;25.5;5.0
27.5;55.5;8.5;22.5;43.5;17.5;80.5;270.5;63.5;17.5;17.5;5.0
27.5;55.5;8.5;26.5;42.5;15.5;81.5;270.5;63.5;18.5;13.5;5.0
27.5;58.5;9.5;24.5;42.5;16.5;82.5;271.5;63.5;18.5;17.5;5.0
23.5;38.5;24.5;19.5;36.5;13.5;20.5;72.5;53.5;47.5;36.5;6.0
24.5;40.5;25.5;13.5;37.5;13.5;18.5;72.5;52.5;48.5;35.5;6.0
23.5;46.5;24.5;11.5;39.5;15.5;20.5;72.5;52.5;46.5;35.5;6.0
31.5;57.5;5.5;13.5;45.5;27.5;39.5;154.5;56.5;28.5;32.5;6.0
32.5;73.5;3.5;15.5;29.5;31.5;39.5;43.5;53.5;21.5;41.5;6.0
24.5;46.5;5.5;6.5;51.5;36.5;42.5;116.5;65.5;21.5;28.5;5.0
28.5;21.5;26.5;13.5;32.5;28.5;44.5;152.5;55.5;18.5;21.5;4.0
46.5;7.5;39.5;7.5;32.5;6.5;6.5;139.5;35.5;22.5;34.5;7.0
59.5;25.5;48.5;15.5;68.5;6.5;6.5;213.5;24.5;29.5;41.5;7.0
43.5;17.5;42.5;27.5;72.5;7.5;12.5;177.5;43.5;43.5;41.5;7.0
26.5;36.5;2.5;17.5;32.5;7.5;10.5;111.5;52.5;22.5;32.5;4.0
32.5;73.5;3.5;15.5;29.5;31.5;39.5;43.5;53.5;21.5;41.5;6.0
43.5;53.5;21.5;42.5;59.5;30.5;65.5;287.5;34.5;14.5;21.5;6.0
27.5;51.5;6.5;22.5;41.5;18.5;84.5;269.5;65.5;19.5;13.5;5.0
47.5;46.5;20.5;7.5;43.5;10.5;17.5;152.5;27.5;13.5;19.5;5.0
31.5;73.5;2.5;15.5;33.5;30.5;31.5;126.5;60.5;29.5;37.5;6.0
39.5;17.5;31.5;31.5;107.5;14.5;22.5;128.5;34.5;42.5;43.5;6.0
27.5;51.5;6.5;22.5;41.5;18.5;84.5;269.5;65.5;19.5;13.5;5.0
43.5;53.5;21.5;42.5;59.5;30.5;65.5;287.5;34.5;14.5;21.5;6.0
44.5;80.5;16.5;22.5;51.5;9.5;26.5;299.5;46.5;28.5;26.5;5.0
45.5;90.5;14.5;21.5;48.5;8.5;24.5;304.5;45.5;29.5;25.5;6.0
62.5;41.5;40.5;24.5;31.5;29.5;52.5;153.5;27.5;43.5;44.5;7.0
23.5;47.5;2.5;22.5;37.5;32.5;60.5;97.5;55.5;20.5;35.5;6.0
62.5;107.5;36.5;69.5;75.5;23.5;94.5;357.5;34.5;32.5;11.5;5.0
27.5;20.5;26.5;13.5;36.5;30.5;48.5;152.5;56.5;22.5;22.5;5.0
27.5;62.5;5.5;19.5;43.5;16.5;82.5;267.5;65.5;21.5;17.5;5.0
56.5;34.5;25.5;12.5;47.5;10.5;14.5;282.5;34.5;29.5;11.5;6.0
27.5;62.5;5.5;19.5;43.5;16.5;82.5;267.5;65.5;21.5;17.5;5.0
27.5;57.5;5.5;17.5;45.5;17.5;84.5;269.5;65.5;22.5;18.5;6.0
26.5;50.5;3.5;19.5;45.5;27.5;39.5;137.5;54.5;22.5;29.5;6.0
38.5;17.5;41.5;21.5;43.5;17.5;39.5;75.5;43.5;41.5;48.5;7.0
26.5;50.5;3.5;19.5;45.5;27.5;39.5;137.5;54.5;22.5;29.5;6.0
38.5;17.5;41.5;21.5;43.5;17.5;39.5;75.5;43.5;41.5;48.5;7.0
38.5;119.5;4.5;34.5;49.5;6.5;7.5;318.5;60.5;13.5;33.5;3.0
44.5;17.5;38.5;24.5;21.5;10.5;35.5;144.5;52.5;33.5;41.5;5.0
29.5;58.5;12.5;21.5;45.5;16.5;29.5;263.5;70.5;33.5;31.5;7.0
29.5;58.5;12.5;21.5;45.5;16.5;29.5;263.5;70.5;33.5;31.5;7.0
23.5;50.5;8.5;63.5;25.5;11.5;14.5;180.5;53.5;23.5;31.5;7.0
23.5;50.5;8.5;63.5;25.5;11.5;14.5;180.5;53.5;23.5;31.5;7.0
47.5;48.5;22.5;30.5;46.5;15.5;106.5;292.5;35.5;23.5;13.5;5.0
27.5;43.5;29.5;24.5;49.5;12.5;74.5;194.5;51.5;35.5;33.5;5.0
16.5;46.5;2.5;17.5;44.5;6.5;5.5;92.5;71.5;18.5;38.5;6.0
29.5;41.5;15.5;21.5;43.5;34.5;57.5;121.5;55.5;23.5;31.5;6.0
28.5;17.5;41.5;3.5;24.5;7.5;7.5;27.5;41.5;16.5;38.5;6.0
48.5;25.5;50.5;40.5;88.5;3.5;7.5;153.5;35.5;21.5;55.5;6.0
46.5;14.5;48.5;74.5;75.5;3.5;5.5;320.5;30.5;24.5;32.5;6.0
55.5;35.5;46.5;28.5;30.5;4.5;4.5;220.5;45.5;26.5;45.5;6.0
49.5;27.5;48.5;49.5;59.5;3.5;6.5;193.5;39.5;28.5;45.5;7.0
28.5;17.5;41.5;3.5;24.5;7.5;7.5;27.5;41.5;16.5;38.5;6.0
41.5;18.5;42.5;17.5;44.5;3.5;2.5;109.5;39.5;31.5;42.5;6.0
8.5;73.5;21.5;6.5;100.5;7.5;58.5;55.5;74.5;25.5;33.5;5.0
23.5;29.5;33.5;73.5;49.5;26.5;41.5;299.5;50.5;28.5;22.5;6.0
39.5;22.5;34.5;17.5;46.5;32.5;75.5;194.5;42.5;36.5;33.5;6.0
39.5;55.5;14.5;11.5;37.5;38.5;42.5;105.5;50.5;53.5;41.5;6.0
51.5;29.5;39.5;19.5;56.5;10.5;19.5;286.5;36.5;20.5;26.5;5.0
39.5;22.5;34.5;17.5;46.5;32.5;75.5;194.5;42.5;36.5;33.5;6.0
39.5;55.5;14.5;11.5;37.5;38.5;42.5;105.5;50.5;53.5;41.5;6.0
23.5;29.5;33.5;73.5;49.5;26.5;41.5;299.5;50.5;28.5;22.5;6.0
41.5;36.5;29.5;19.5;20.5;14.5;24.5;110.5;30.5;44.5;35.5;5.0
41.5;8.5;38.5;12.5;29.5;51.5;73.5;170.5;59.5;51.5;33.5;7.0
49.5;10.5;35.5;19.5;26.5;50.5;69.5;286.5;59.5;54.5;23.5;6.0
39.5;64.5;21.5;17.5;58.5;11.5;71.5;263.5;32.5;23.5;9.5;4.0
41.5;36.5;29.5;19.5;20.5;14.5;24.5;110.5;30.5;44.5;35.5;5.0
42.5;19.5;40.5;33.5;28.5;10.5;15.5;84.5;42.5;37.5;43.5;7.0
21.5;53.5;3.5;12.5;45.5;8.5;21.5;270.5;79.5;37.5;26.5;5.0
29.5;53.5;3.5;13.5;39.5;13.5;34.5;271.5;60.5;29.5;18.5;5.0
31.5;28.5;31.5;12.5;43.5;29.5;62.5;244.5;57.5;23.5;13.5;6.0
29.5;53.5;3.5;13.5;39.5;13.5;34.5;271.5;60.5;29.5;18.5;5.0
21.5;53.5;3.5;12.5;45.5;8.5;21.5;270.5;79.5;37.5;26.5;5.0
43.5;16.5;40.5;19.5;25.5;19.5;68.5;132.5;51.5;36.5;41.5;6.0
43.5;16.5;40.5;19.5;25.5;19.5;68.5;132.5;51.5;36.5;41.5;6.0
75.5;57.5;52.5;5.5;36.5;6.5;22.5;289.5;19.5;24.5;25.5;4.0
27.5;25.5;40.5;27.5;33.5;23.5;38.5;36.5;46.5;36.5;52.5;7.0
17.5;35.5;19.5;7.5;38.5;7.5;7.5;68.5;73.5;18.5;37.5;5.0
51.5;19.5;54.5;17.5;39.5;13.5;21.5;107.5;48.5;40.5;47.5;7.0
54.5;13.5;51.5;53.5;47.5;9.5;13.5;93.5;31.5;16.5;48.5;7.0
56.5;32.5;42.5;24.5;57.5;13.5;48.5;303.5;34.5;28.5;21.5;7.0
53.5;39.5;36.5;19.5;59.5;10.5;41.5;312.5;36.5;24.5;17.5;7.0
38.5;16.5;51.5;40.5;55.5;11.5;20.5;101.5;39.5;28.5;44.5;7.0
57.5;33.5;44.5;13.5;36.5;7.5;16.5;146.5;26.5;43.5;34.5;7.0
57.5;33.5;60.5;43.5;57.5;11.5;20.5;269.5;41.5;63.5;43.5;7.0
38.5;14.5;50.5;15.5;58.5;6.5;8.5;60.5;38.5;26.5;47.5;7.0
44.5;2.5;47.5;11.5;40.5;10.5;17.5;139.5;53.5;40.5;42.5;7.0
44.5;2.5;47.5;11.5;40.5;10.5;17.5;139.5;53.5;40.5;42.5;7.0
44.5;2.5;47.5;11.5;40.5;10.5;17.5;139.5;53.5;40.5;42.5;7.0
38.5;14.5;50.5;15.5;58.5;6.5;8.5;60.5;38.5;26.5;47.5;7.0
37.5;17.5;42.5;17.5;23.5;6.5;6.5;128.5;43.5;32.5;35.5;7.0
57.5;20.5;50.5;15.5;17.5;5.5;5.5;79.5;32.5;33.5;44.5;7.0
31.5;32.5;42.5;26.5;47.5;6.5;7.5;129.5;56.5;18.5;45.5;6.0
40.5;7.5;54.5;12.5;55.5;9.5;19.5;201.5;48.5;31.5;25.5;5.0
45.5;22.5;54.5;15.5;74.5;5.5;6.5;147.5;43.5;26.5;36.5;6.0
50.5;24.5;54.5;13.5;53.5;12.5;47.5;176.5;41.5;22.5;34.5;6.0
19.5;47.5;14.5;19.5;80.5;25.5;32.5;113.5;59.5;35.5;36.5;7.0
35.5;50.5;7.5;13.5;54.5;12.5;28.5;262.5;48.5;25.5;21.5;5.0
40.5;36.5;29.5;12.5;23.5;18.5;34.5;112.5;28.5;49.5;34.5;6.0
26.5;46.5;16.5;7.5;43.5;7.5;14.5;163.5;39.5;26.5;11.5;5.0
21.5;47.5;4.5;15.5;76.5;6.5;12.5;206.5;50.5;33.5;13.5;5.0
43.5;13.5;41.5;13.5;64.5;20.5;23.5;134.5;27.5;33.5;35.5;6.0
40.5;36.5;29.5;12.5;23.5;18.5;34.5;112.5;28.5;49.5;34.5;6.0
38.5;20.5;42.5;21.5;30.5;24.5;44.5;141.5;46.5;50.5;33.5;6.0
45.5;25.5;43.5;21.5;67.5;6.5;6.5;170.5;25.5;22.5;42.5;7.0
40.5;62.5;22.5;15.5;62.5;23.5;104.5;260.5;25.5;12.5;9.5;5.0
45.5;28.5;45.5;21.5;33.5;29.5;42.5;69.5;32.5;24.5;45.5;6.0
22.5;46.5;11.5;28.5;44.5;7.5;18.5;218.5;58.5;25.5;23.5;5.0
59.5;12.5;50.5;12.5;31.5;6.5;6.5;253.5;45.5;51.5;32.5;6.0
59.5;12.5;50.5;12.5;31.5;6.5;6.5;253.5;45.5;51.5;32.5;6.0
56.5;25.5;52.5;21.5;68.5;6.5;9.5;197.5;34.5;29.5;39.5;7.0
40.5;20.5;46.5;9.5;44.5;6.5;8.5;171.5;64.5;27.5;29.5;5.0
43.5;19.5;43.5;62.5;38.5;7.5;9.5;209.5;42.5;26.5;44.5;7.0
27.5;29.5;32.5;15.5;48.5;35.5;68.5;237.5;56.5;16.5;12.5;5.0
27.5;29.5;32.5;15.5;48.5;35.5;68.5;237.5;56.5;16.5;12.5;5.0
39.5;50.5;31.5;24.5;72.5;31.5;107.5;293.5;27.5;14.5;8.5;5.0
25.5;28.5;34.5;36.5;26.5;9.5;25.5;63.5;40.5;13.5;36.5;7.0
77.5;34.5;51.5;5.5;40.5;3.5;2.5;231.5;25.5;27.5;25.5;5.0
46.5;39.5;32.5;12.5;30.5;8.5;13.5;282.5;44.5;35.5;26.5;6.0
50.5;101.5;28.5;12.5;44.5;13.5;24.5;245.5;37.5;26.5;21.5;5.0
28.5;41.5;34.5;15.5;35.5;49.5;66.5;65.5;46.5;46.5;52.5;6.0
46.5;39.5;32.5;12.5;30.5;8.5;13.5;282.5;44.5;35.5;26.5;6.0
77.5;34.5;51.5;5.5;40.5;3.5;2.5;231.5;25.5;27.5;25.5;5.0
29.5;48.5;2.5;13.5;29.5;7.5;7.5;144.5;57.5;22.5;36.5;6.0
53.5;20.5;41.5;5.5;31.5;3.5;3.5;85.5;31.5;19.5;37.5;7.0
26.5;22.5;32.5;7.5;45.5;35.5;66.5;233.5;56.5;14.5;12.5;5.0
32.5;26.5;14.5;9.5;62.5;19.5;23.5;166.5;28.5;13.5;12.5;5.0
52.5;16.5;42.5;6.5;38.5;14.5;17.5;141.5;26.5;15.5;32.5;6.0
32.5;26.5;14.5;9.5;62.5;19.5;23.5;166.5;28.5;13.5;12.5;5.0
26.5;20.5;30.5;13.5;47.5;31.5;64.5;234.5;57.5;12.5;12.5;5.0
20.5;28.5;12.5;13.5;41.5;30.5;43.5;141.5;48.5;12.5;12.5;6.0
26.5;20.5;30.5;13.5;47.5;31.5;64.5;234.5;57.5;12.5;12.5;5.0
55.5;21.5;47.5;22.5;57.5;20.5;84.5;323.5;27.5;7.5;12.5;5.0
32.5;51.5;8.5;13.5;44.5;19.5;37.5;235.5;51.5;26.5;22.5;6.0
11.5;62.5;2.5;17.5;52.5;3.5;7.5;46.5;81.5;27.5;51.5;7.0
11.5;62.5;2.5;17.5;52.5;3.5;7.5;46.5;81.5;27.5;51.5;7.0
44.5;97.5;36.5;5.5;15.5;4.5;6.5;141.5;24.5;12.5;8.5;6.0
19.5;68.5;2.5;8.5;20.5;7.5;8.5;8.5;59.5;17.5;52.5;6.0
30.5;32.5;32.5;17.5;27.5;6.5;8.5;99.5;56.5;36.5;38.5;7.0
54.5;21.5;40.5;6.5;23.5;31.5;43.5;222.5;38.5;46.5;28.5;7.0
46.5;15.5;35.5;14.5;28.5;13.5;23.5;110.5;38.5;48.5;40.5;7.0
23.5;22.5;34.5;11.5;32.5;4.5;4.5;18.5;48.5;19.5;51.5;7.0
37.5;32.5;31.5;7.5;46.5;27.5;41.5;169.5;37.5;18.5;24.5;5.0
23.5;22.5;34.5;11.5;32.5;4.5;4.5;18.5;48.5;19.5;51.5;7.0
46.5;15.5;35.5;14.5;28.5;13.5;23.5;110.5;38.5;48.5;40.5;7.0
46.5;16.5;36.5;13.5;29.5;12.5;21.5;110.5;38.5;48.5;40.5;7.0
44.5;21.5;42.5;36.5;73.5;12.5;20.5;136.5;35.5;34.5;43.5;7.0
51.5;39.5;38.5;27.5;77.5;26.5;51.5;252.5;30.5;32.5;32.5;5.0
44.5;14.5;47.5;9.5;32.5;7.5;8.5;35.5;37.5;19.5;46.5;7.0
44.5;18.5;33.5;13.5;53.5;12.5;15.5;148.5;29.5;19.5;25.5;6.0
32.5;118.5;17.5;15.5;66.5;11.5;28.5;170.5;35.5;12.5;21.5;5.0
30.5;72.5;2.5;7.5;57.5;22.5;27.5;190.5;50.5;22.5;21.5;6.0
35.5;48.5;18.5;13.5;80.5;3.5;3.5;78.5;34.5;22.5;35.5;6.0
60.5;26.5;48.5;17.5;40.5;14.5;23.5;167.5;18.5;48.5;37.5;6.0
44.5;25.5;42.5;17.5;33.5;12.5;24.5;94.5;39.5;39.5;49.5;7.0
35.5;4.5;39.5;2.5;14.5;36.5;102.5;6.5;5.5;8.5;50.5;6.0
35.5;4.5;39.5;2.5;14.5;36.5;102.5;6.5;5.5;8.5;50.5;6.0
25.5;39.5;16.5;11.5;43.5;10.5;19.5;191.5;65.5;25.5;25.5;5.0
68.5;22.5;68.5;21.5;83.5;3.5;4.5;196.5;32.5;17.5;42.5;6.0
68.5;22.5;68.5;21.5;83.5;3.5;4.5;196.5;32.5;17.5;42.5;6.0
25.5;40.5;11.5;15.5;27.5;4.5;5.5;157.5;47.5;18.5;26.5;5.0
37.5;18.5;44.5;19.5;63.5;3.5;5.5;106.5;39.5;19.5;46.5;6.0
32.5;48.5;3.5;11.5;53.5;12.5;14.5;147.5;44.5;20.5;26.5;7.0
41.5;95.5;2.5;27.5;60.5;17.5;39.5;298.5;45.5;24.5;25.5;6.0
34.5;17.5;34.5;12.5;31.5;14.5;32.5;41.5;53.5;20.5;49.5;6.0
19.5;89.5;2.5;17.5;30.5;28.5;48.5;46.5;61.5;16.5;39.5;5.0
27.5;20.5;23.5;22.5;40.5;42.5;64.5;159.5;49.5;18.5;22.5;6.0
32.5;48.5;3.5;11.5;53.5;12.5;14.5;147.5;44.5;20.5;26.5;7.0
26.5;50.5;2.5;15.5;56.5;9.5;10.5;94.5;54.5;19.5;38.5;7.0
28.5;45.5;3.5;11.5;58.5;9.5;11.5;109.5;47.5;22.5;33.5;7.0
36.5;93.5;2.5;43.5;60.5;5.5;10.5;310.5;48.5;17.5;16.5;5.0
30.5;47.5;10.5;24.5;54.5;14.5;23.5;163.5;42.5;23.5;25.5;6.0
44.5;79.5;20.5;22.5;42.5;15.5;44.5;265.5;32.5;11.5;17.5;6.0
56.5;24.5;36.5;21.5;50.5;5.5;13.5;226.5;29.5;29.5;28.5;7.0
31.5;17.5;36.5;22.5;47.5;26.5;31.5;36.5;34.5;23.5;48.5;7.0
28.5;108.5;12.5;11.5;39.5;20.5;52.5;219.5;47.5;20.5;9.5;5.0
42.5;29.5;43.5;65.5;43.5;25.5;38.5;123.5;36.5;41.5;49.5;7.0
44.5;39.5;23.5;17.5;53.5;21.5;35.5;232.5;45.5;47.5;34.5;6.0
29.5;114.5;2.5;17.5;53.5;16.5;28.5;274.5;70.5;31.5;23.5;5.0
24.5;38.5;21.5;9.5;44.5;13.5;22.5;135.5;50.5;28.5;18.5;6.0
44.5;39.5;23.5;17.5;53.5;21.5;35.5;232.5;45.5;47.5;34.5;6.0
50.5;26.5;43.5;73.5;34.5;18.5;35.5;310.5;41.5;45.5;32.5;7.0
19.5;26.5;35.5;33.5;11.5;12.5;49.5;20.5;48.5;26.5;45.5;6.0
24.5;33.5;2.5;5.5;35.5;32.5;34.5;72.5;44.5;22.5;37.5;6.0
31.5;86.5;2.5;9.5;41.5;33.5;41.5;175.5;43.5;26.5;29.5;6.0
26.5;32.5;19.5;11.5;47.5;27.5;47.5;190.5;61.5;28.5;25.5;5.0
48.5;38.5;38.5;9.5;46.5;3.5;10.5;239.5;39.5;42.5;32.5;6.0
48.5;39.5;38.5;11.5;49.5;6.5;13.5;240.5;39.5;41.5;31.5;6.0
26.5;32.5;19.5;11.5;47.5;27.5;47.5;190.5;61.5;28.5;25.5;5.0
40.5;35.5;61.5;5.5;122.5;16.5;41.5;239.5;15.5;84.5;9.5;5.0
11.5;52.5;7.5;21.5;38.5;19.5;21.5;16.5;68.5;19.5;52.5;5.0
38.5;19.5;44.5;19.5;35.5;9.5;16.5;68.5;50.5;41.5;50.5;7.0
37.5;59.5;29.5;13.5;60.5;5.5;73.5;270.5;25.5;26.5;8.5;6.0
37.5;59.5;29.5;13.5;60.5;5.5;73.5;270.5;25.5;26.5;8.5;6.0
44.5;37.5;55.5;42.5;65.5;3.5;6.5;159.5;33.5;23.5;44.5;7.0
31.5;31.5;27.5;41.5;68.5;28.5;86.5;286.5;27.5;21.5;8.5;5.0
54.5;42.5;59.5;21.5;58.5;30.5;48.5;244.5;31.5;40.5;39.5;7.0
44.5;37.5;55.5;42.5;65.5;3.5;6.5;159.5;33.5;23.5;44.5;7.0
71.5;9.5;59.5;11.5;39.5;3.5;4.5;294.5;26.5;34.5;19.5;6.0
46.5;28.5;52.5;11.5;36.5;7.5;12.5;81.5;33.5;33.5;48.5;8.0
35.5;25.5;46.5;12.5;63.5;6.5;11.5;143.5;42.5;28.5;37.5;6.0
57.5;15.5;67.5;21.5;40.5;6.5;13.5;145.5;34.5;27.5;41.5;6.0
37.5;78.5;11.5;13.5;32.5;5.5;6.5;65.5;40.5;21.5;41.5;6.0
32.5;53.5;20.5;21.5;48.5;6.5;16.5;187.5;41.5;24.5;23.5;6.0
21.5;41.5;10.5;21.5;35.5;13.5;22.5;38.5;52.5;36.5;48.5;7.0
66.5;17.5;55.5;17.5;25.5;3.5;6.5;149.5;14.5;47.5;32.5;7.0
66.5;17.5;55.5;17.5;25.5;3.5;6.5;149.5;14.5;47.5;32.5;7.0
35.5;55.5;37.5;27.5;51.5;28.5;48.5;237.5;43.5;26.5;31.5;5.0
48.5;19.5;47.5;6.5;22.5;19.5;33.5;101.5;30.5;53.5;34.5;7.0
30.5;84.5;22.5;71.5;63.5;30.5;88.5;318.5;32.5;22.5;9.5;5.0
27.5;21.5;28.5;11.5;48.5;33.5;71.5;224.5;52.5;22.5;13.5;6.0
35.5;55.5;35.5;26.5;53.5;16.5;33.5;251.5;43.5;22.5;29.5;6.0
30.5;84.5;22.5;71.5;63.5;30.5;88.5;318.5;32.5;22.5;9.5;5.0
46.5;11.5;36.5;13.5;36.5;45.5;63.5;280.5;56.5;50.5;23.5;7.0
54.5;18.5;58.5;13.5;38.5;3.5;4.5;127.5;27.5;37.5;37.5;6.0
41.5;24.5;67.5;67.5;45.5;3.5;4.5;296.5;39.5;22.5;33.5;5.0
41.5;24.5;67.5;67.5;45.5;3.5;4.5;296.5;39.5;22.5;33.5;5.0
34.5;16.5;70.5;71.5;15.5;38.5;113.5;22.5;13.5;15.5;46.5;7.0
58.5;13.5;58.5;5.5;12.5;3.5;4.5;86.5;28.5;15.5;41.5;6.0
34.5;16.5;70.5;71.5;15.5;38.5;289.5;22.5;13.5;15.5;46.5;7.0
27.5;25.5;32.5;11.5;38.5;31.5;66.5;228.5;54.5;23.5;13.5;6.0
42.5;31.5;47.5;21.5;37.5;32.5;55.5;180.5;45.5;41.5;43.5;6.0
27.5;25.5;32.5;11.5;38.5;31.5;66.5;228.5;54.5;23.5;13.5;6.0
23.5;37.5;10.5;11.5;39.5;40.5;60.5;122.5;24.5;13.5;16.5;5.0
40.5;20.5;42.5;51.5;20.5;3.5;5.5;264.5;50.5;30.5;39.5;7.0
34.5;5.5;44.5;7.5;22.5;18.5;26.5;58.5;41.5;33.5;35.5;6.0
71.5;29.5;56.5;6.5;60.5;22.5;37.5;262.5;14.5;40.5;19.5;7.0
71.5;29.5;56.5;6.5;60.5;22.5;37.5;262.5;14.5;40.5;19.5;7.0
55.5;12.5;56.5;12.5;48.5;43.5;70.5;77.5;10.5;27.5;41.5;8.0
34.5;20.5;44.5;13.5;51.5;8.5;15.5;134.5;47.5;24.5;37.5;6.0
25.5;43.5;11.5;13.5;46.5;10.5;12.5;92.5;55.5;23.5;38.5;6.0
47.5;17.5;38.5;17.5;44.5;11.5;27.5;178.5;45.5;50.5;43.5;7.0
21.5;75.5;11.5;58.5;78.5;9.5;13.5;207.5;47.5;13.5;31.5;6.0
49.5;28.5;49.5;22.5;52.5;6.5;16.5;282.5;27.5;14.5;26.5;5.0
21.5;75.5;11.5;58.5;78.5;9.5;13.5;207.5;47.5;13.5;31.5;6.0
41.5;41.5;40.5;6.5;61.5;5.5;14.5;215.5;32.5;16.5;12.5;5.0
35.5;17.5;47.5;15.5;110.5;5.5;12.5;38.5;27.5;45.5;48.5;7.0
41.5;41.5;40.5;6.5;61.5;5.5;14.5;215.5;32.5;16.5;12.5;5.0
39.5;20.5;44.5;15.5;37.5;23.5;32.5;53.5;23.5;42.5;47.5;6.0
29.5;38.5;29.5;15.5;36.5;14.5;21.5;53.5;47.5;27.5;43.5;6.0
16.5;37.5;11.5;9.5;43.5;18.5;26.5;59.5;57.5;18.5;35.5;6.0
29.5;38.5;29.5;15.5;36.5;14.5;21.5;53.5;47.5;27.5;43.5;6.0
35.5;37.5;36.5;17.5;38.5;16.5;21.5;39.5;40.5;30.5;47.5;6.0
18.5;47.5;30.5;15.5;13.5;13.5;45.5;44.5;53.5;24.5;51.5;5.0
37.5;9.5;44.5;12.5;34.5;9.5;13.5;45.5;33.5;18.5;46.5;6.0
46.5;16.5;43.5;13.5;33.5;10.5;20.5;117.5;39.5;49.5;40.5;7.0
36.5;86.5;12.5;33.5;55.5;4.5;9.5;310.5;48.5;13.5;13.5;5.0
63.5;36.5;45.5;15.5;100.5;27.5;62.5;297.5;29.5;40.5;31.5;6.0
38.5;42.5;2.5;5.5;35.5;6.5;10.5;164.5;37.5;28.5;21.5;6.0
9.5;31.5;29.5;13.5;57.5;23.5;51.5;86.5;84.5;28.5;46.5;7.0
34.5;19.5;43.5;6.5;21.5;6.5;31.5;56.5;41.5;35.5;33.5;6.0
44.5;10.5;41.5;7.5;39.5;3.5;6.5;236.5;24.5;23.5;13.5;6.0
5.5;28.5;52.5;46.5;11.5;29.5;76.5;6.5;61.5;30.5;60.5;6.0
25.5;68.5;9.5;22.5;56.5;15.5;17.5;149.5;50.5;24.5;36.5;6.0
25.5;68.5;9.5;22.5;56.5;15.5;17.5;149.5;50.5;24.5;36.5;6.0
25.5;68.5;9.5;22.5;56.5;15.5;17.5;149.5;50.5;24.5;36.5;6.0
26.5;26.5;14.5;15.5;30.5;14.5;20.5;15.5;42.5;17.5;56.5;6.0
11.5;62.5;2.5;22.5;31.5;7.5;11.5;15.5;64.5;22.5;52.5;5.0
34.5;43.5;36.5;22.5;41.5;8.5;13.5;11.5;32.5;36.5;54.5;8.0
21.5;39.5;2.5;11.5;27.5;21.5;24.5;35.5;56.5;19.5;46.5;6.0
18.5;36.5;2.5;5.5;20.5;27.5;29.5;11.5;57.5;12.5;46.5;6.0
62.5;28.5;39.5;12.5;46.5;17.5;25.5;220.5;24.5;29.5;35.5;6.0
20.5;48.5;2.5;17.5;61.5;3.5;9.5;141.5;74.5;26.5;38.5;4.0
43.5;10.5;37.5;9.5;20.5;13.5;23.5;54.5;26.5;23.5;36.5;7.0
13.5;15.5;28.5;9.5;28.5;3.5;7.5;6.5;51.5;18.5;58.5;6.0
18.5;82.5;2.5;28.5;37.5;26.5;48.5;47.5;63.5;24.5;38.5;6.0
55.5;32.5;35.5;26.5;60.5;28.5;85.5;305.5;34.5;32.5;21.5;5.0
60.5;32.5;37.5;33.5;57.5;24.5;66.5;291.5;33.5;33.5;26.5;6.0
46.5;51.5;2.5;12.5;23.5;5.5;6.5;281.5;30.5;27.5;25.5;6.0
14.5;5.5;23.5;9.5;10.5;53.5;108.5;30.5;44.5;8.5;13.5;5.0
29.5;22.5;36.5;11.5;40.5;18.5;34.5;26.5;50.5;52.5;60.5;7.0
27.5;37.5;9.5;58.5;54.5;10.5;14.5;227.5;49.5;32.5;35.5;7.0
40.5;14.5;37.5;9.5;26.5;6.5;11.5;118.5;42.5;38.5;41.5;7.0
35.5;11.5;45.5;9.5;32.5;22.5;46.5;80.5;50.5;24.5;42.5;6.0
59.5;41.5;47.5;13.5;45.5;6.5;9.5;282.5;34.5;40.5;37.5;6.0
59.5;41.5;47.5;13.5;45.5;6.5;9.5;282.5;34.5;40.5;37.5;6.0
30.5;29.5;17.5;38.5;68.5;29.5;90.5;286.5;26.5;22.5;8.5;5.0
37.5;40.5;26.5;13.5;44.5;16.5;82.5;278.5;46.5;28.5;13.5;6.0
28.5;28.5;32.5;9.5;45.5;33.5;75.5;231.5;53.5;29.5;13.5;6.0
37.5;25.5;34.5;22.5;45.5;24.5;67.5;183.5;39.5;49.5;33.5;6.0
24.5;34.5;13.5;21.5;8.5;6.5;8.5;35.5;42.5;29.5;37.5;6.0
25.5;8.5;32.5;11.5;30.5;16.5;16.5;219.5;73.5;46.5;21.5;6.0
28.5;18.5;25.5;19.5;31.5;35.5;66.5;161.5;55.5;26.5;22.5;5.0
37.5;6.5;45.5;22.5;41.5;31.5;47.5;219.5;65.5;45.5;25.5;6.0
33.5;39.5;14.5;11.5;104.5;6.5;17.5;168.5;40.5;51.5;18.5;6.0
55.5;29.5;47.5;65.5;36.5;6.5;10.5;239.5;33.5;13.5;41.5;7.0
33.5;26.5;44.5;13.5;51.5;9.5;17.5;120.5;51.5;30.5;39.5;6.0
55.5;21.5;49.5;13.5;26.5;6.5;7.5;158.5;35.5;16.5;43.5;6.0
37.5;19.5;34.5;27.5;32.5;4.5;8.5;88.5;42.5;40.5;51.5;7.0
16.5;48.5;25.5;22.5;9.5;16.5;66.5;35.5;58.5;29.5;48.5;6.0
38.5;51.5;27.5;17.5;79.5;9.5;34.5;179.5;27.5;17.5;18.5;5.0
51.5;31.5;37.5;15.5;48.5;17.5;34.5;181.5;35.5;30.5;34.5;6.0
21.5;48.5;2.5;17.5;64.5;48.5;59.5;133.5;71.5;32.5;37.5;6.0
38.5;51.5;27.5;17.5;79.5;9.5;34.5;179.5;27.5;17.5;18.5;5.0
40.5;4.5;53.5;10.5;36.5;45.5;84.5;118.5;45.5;40.5;41.5;7.0
6.5;40.5;20.5;15.5;7.5;16.5;96.5;13.5;58.5;51.5;52.5;7.0
22.5;29.5;45.5;27.5;41.5;22.5;50.5;149.5;54.5;79.5;28.5;6.0
57.5;29.5;45.5;17.5;73.5;11.5;33.5;256.5;28.5;31.5;31.5;5.0
61.5;22.5;59.5;19.5;52.5;6.5;16.5;222.5;26.5;36.5;34.5;7.0
43.5;34.5;45.5;5.5;41.5;12.5;17.5;138.5;33.5;39.5;23.5;6.0
40.5;18.5;44.5;19.5;40.5;12.5;15.5;70.5;26.5;35.5;41.5;7.0
45.5;87.5;26.5;9.5;43.5;10.5;17.5;232.5;41.5;31.5;21.5;5.0
45.5;87.5;26.5;9.5;43.5;10.5;17.5;232.5;41.5;31.5;21.5;5.0
40.5;33.5;52.5;12.5;121.5;15.5;34.5;190.5;13.5;74.5;12.5;5.0
54.5;43.5;28.5;13.5;74.5;7.5;56.5;244.5;8.5;62.5;23.5;5.0
37.5;19.5;41.5;22.5;39.5;29.5;44.5;121.5;44.5;52.5;47.5;7.0
20.5;20.5;29.5;27.5;32.5;8.5;40.5;49.5;33.5;20.5;43.5;6.0
31.5;39.5;31.5;19.5;51.5;5.5;10.5;104.5;44.5;26.5;38.5;6.0
47.5;22.5;36.5;7.5;27.5;5.5;8.5;216.5;32.5;31.5;26.5;6.0
26.5;50.5;2.5;17.5;43.5;26.5;40.5;116.5;54.5;32.5;31.5;6.0
52.5;31.5;48.5;15.5;39.5;5.5;12.5;202.5;39.5;38.5;46.5;6.0
31.5;22.5;33.5;9.5;44.5;26.5;61.5;248.5;58.5;26.5;13.5;6.0
31.5;22.5;33.5;9.5;44.5;26.5;61.5;248.5;58.5;26.5;13.5;6.0
20.5;53.5;2.5;17.5;60.5;47.5;55.5;131.5;73.5;34.5;38.5;6.0
20.5;104.5;5.5;59.5;44.5;23.5;43.5;149.5;70.5;14.5;35.5;4.0
26.5;62.5;2.5;21.5;17.5;6.5;7.5;23.5;47.5;30.5;50.5;7.0
11.5;109.5;2.5;15.5;6.5;17.5;74.5;32.5;78.5;37.5;37.5;5.0
37.5;21.5;35.5;21.5;41.5;11.5;43.5;168.5;39.5;45.5;33.5;6.0
37.5;21.5;35.5;21.5;41.5;11.5;43.5;168.5;39.5;45.5;33.5;6.0
53.5;26.5;45.5;8.5;33.5;5.5;7.5;91.5;31.5;10.5;37.5;5.0
57.5;28.5;42.5;22.5;33.5;42.5;50.5;273.5;50.5;50.5;26.5;6.0
23.5;62.5;9.5;7.5;35.5;16.5;57.5;149.5;41.5;24.5;11.5;5.0
22.5;59.5;25.5;15.5;45.5;11.5;107.5;129.5;48.5;34.5;32.5;5.0
25.5;32.5;32.5;13.5;50.5;6.5;35.5;32.5;45.5;10.5;42.5;6.0
21.5;90.5;5.5;71.5;44.5;6.5;8.5;187.5;64.5;14.5;45.5;5.0
25.5;32.5;32.5;13.5;50.5;6.5;35.5;32.5;45.5;10.5;42.5;6.0
22.5;59.5;25.5;15.5;45.5;11.5;107.5;129.5;48.5;34.5;32.5;5.0
43.5;112.5;7.5;11.5;40.5;5.5;15.5;179.5;42.5;8.5;16.5;4.0
46.5;28.5;59.5;49.5;45.5;6.5;16.5;205.5;40.5;21.5;48.5;6.0
20.5;105.5;2.5;19.5;100.5;6.5;8.5;138.5;68.5;15.5;31.5;5.0
27.5;11.5;39.5;22.5;28.5;11.5;37.5;73.5;64.5;44.5;47.5;7.0
19.5;105.5;2.5;19.5;100.5;6.5;8.5;138.5;68.5;15.5;31.5;5.0
25.5;79.5;14.5;11.5;75.5;15.5;60.5;161.5;34.5;23.5;13.5;6.0
17.5;32.5;24.5;11.5;43.5;21.5;52.5;189.5;64.5;24.5;13.5;6.0
34.5;48.5;25.5;19.5;41.5;23.5;90.5;229.5;33.5;22.5;13.5;6.0
32.5;47.5;23.5;6.5;34.5;4.5;5.5;79.5;28.5;18.5;18.5;6.0
32.5;12.5;28.5;13.5;17.5;19.5;73.5;108.5;27.5;43.5;32.5;6.0
34.5;48.5;25.5;19.5;41.5;23.5;90.5;229.5;33.5;22.5;13.5;6.0
32.5;47.5;23.5;6.5;34.5;4.5;5.5;79.5;28.5;18.5;18.5;6.0
34.5;20.5;38.5;12.5;30.5;5.5;6.5;66.5;39.5;18.5;35.5;7.0
41.5;31.5;41.5;11.5;33.5;6.5;8.5;110.5;47.5;33.5;40.5;8.0
54.5;78.5;21.5;61.5;74.5;33.5;72.5;315.5;26.5;19.5;12.5;5.0
27.5;22.5;48.5;15.5;39.5;24.5;40.5;127.5;52.5;49.5;33.5;7.0
27.5;22.5;48.5;15.5;39.5;24.5;40.5;127.5;52.5;49.5;33.5;7.0
27.5;22.5;48.5;15.5;39.5;24.5;40.5;127.5;52.5;49.5;33.5;7.0
54.5;74.5;57.5;9.5;89.5;24.5;48.5;273.5;47.5;58.5;21.5;5.0
27.5;22.5;48.5;15.5;39.5;24.5;40.5;127.5;52.5;49.5;33.5;7.0
17.5;26.5;45.5;13.5;36.5;14.5;20.5;69.5;57.5;51.5;35.5;7.0
23.5;61.5;4.5;15.5;43.5;8.5;11.5;101.5;47.5;26.5;25.5;6.0
21.5;33.5;17.5;15.5;41.5;22.5;49.5;148.5;44.5;26.5;11.5;5.0
23.5;61.5;4.5;15.5;43.5;8.5;11.5;101.5;47.5;26.5;25.5;6.0
51.5;25.5;44.5;12.5;36.5;5.5;9.5;210.5;27.5;39.5;26.5;6.0
57.5;19.5;48.5;12.5;46.5;6.5;5.5;186.5;22.5;12.5;25.5;6.0
43.5;13.5;48.5;15.5;60.5;20.5;25.5;94.5;38.5;20.5;36.5;6.0
34.5;47.5;33.5;13.5;44.5;10.5;75.5;223.5;41.5;33.5;13.5;6.0
37.5;20.5;39.5;12.5;22.5;44.5;70.5;60.5;35.5;45.5;43.5;6.0
37.5;28.5;33.5;12.5;47.5;8.5;20.5;168.5;36.5;33.5;28.5;6.0
45.5;26.5;42.5;4.5;9.5;25.5;46.5;91.5;32.5;47.5;32.5;6.0
64.5;18.5;54.5;11.5;88.5;17.5;40.5;261.5;40.5;41.5;38.5;6.0
64.5;18.5;54.5;11.5;88.5;17.5;40.5;261.5;40.5;41.5;38.5;6.0
36.5;42.5;24.5;17.5;43.5;33.5;85.5;224.5;38.5;10.5;16.5;6.0
60.5;22.5;49.5;17.5;39.5;9.5;19.5;192.5;35.5;40.5;43.5;6.0
81.5;26.5;51.5;22.5;45.5;8.5;16.5;323.5;19.5;46.5;24.5;6.0
47.5;35.5;25.5;24.5;56.5;18.5;73.5;324.5;27.5;15.5;12.5;5.0
30.5;48.5;5.5;43.5;45.5;27.5;42.5;163.5;14.5;11.5;9.5;5.0
45.5;48.5;27.5;13.5;68.5;8.5;17.5;280.5;39.5;36.5;16.5;5.0
6.5;31.5;2.5;11.5;9.5;18.5;84.5;7.5;78.5;37.5;60.5;7.0
31.5;32.5;31.5;15.5;40.5;19.5;62.5;250.5;52.5;28.5;13.5;5.0
32.5;4.5;36.5;26.5;31.5;15.5;54.5;85.5;49.5;42.5;41.5;6.0
33.5;92.5;3.5;24.5;39.5;47.5;86.5;181.5;50.5;26.5;31.5;5.0
31.5;32.5;31.5;15.5;40.5;19.5;62.5;250.5;52.5;28.5;13.5;5.0
57.5;9.5;39.5;17.5;22.5;14.5;32.5;177.5;35.5;13.5;11.5;4.0
26.5;80.5;3.5;17.5;24.5;11.5;14.5;14.5;51.5;5.5;51.5;6.0
15.5;19.5;34.5;75.5;19.5;6.5;104.5;149.5;42.5;20.5;38.5;4.0
33.5;45.5;2.5;9.5;35.5;7.5;13.5;210.5;38.5;28.5;12.5;6.0
26.5;80.5;3.5;17.5;24.5;11.5;14.5;14.5;51.5;5.5;51.5;6.0
36.5;76.5;2.5;22.5;46.5;12.5;20.5;291.5;50.5;10.5;16.5;4.0
20.5;64.5;2.5;46.5;22.5;11.5;16.5;94.5;57.5;20.5;41.5;4.0
30.5;53.5;22.5;9.5;41.5;36.5;56.5;98.5;22.5;5.5;11.5;5.0
53.5;24.5;41.5;22.5;44.5;28.5;61.5;257.5;28.5;23.5;18.5;5.0
45.5;28.5;43.5;13.5;23.5;15.5;36.5;62.5;34.5;24.5;45.5;6.0
38.5;46.5;24.5;21.5;47.5;10.5;82.5;301.5;49.5;26.5;13.5;5.0
14.5;15.5;27.5;76.5;32.5;54.5;112.5;252.5;45.5;18.5;24.5;6.0
29.5;45.5;21.5;11.5;47.5;15.5;30.5;207.5;61.5;32.5;26.5;5.0
29.5;78.5;9.5;9.5;51.5;15.5;44.5;104.5;24.5;12.5;21.5;5.0
29.5;45.5;21.5;11.5;47.5;15.5;30.5;207.5;61.5;32.5;26.5;5.0
24.5;29.5;35.5;17.5;46.5;22.5;32.5;96.5;53.5;39.5;34.5;6.0
26.5;51.5;3.5;19.5;44.5;24.5;33.5;109.5;52.5;25.5;32.5;6.0
26.5;51.5;3.5;19.5;44.5;24.5;33.5;109.5;52.5;25.5;32.5;6.0
30.5;48.5;16.5;17.5;42.5;27.5;56.5;187.5;40.5;23.5;18.5;5.0
26.5;74.5;2.5;11.5;83.5;6.5;10.5;185.5;57.5;22.5;18.5;5.0
34.5;62.5;2.5;5.5;61.5;6.5;9.5;148.5;55.5;22.5;13.5;5.0
33.5;70.5;8.5;12.5;44.5;20.5;31.5;186.5;52.5;33.5;32.5;5.0
16.5;59.5;4.5;21.5;34.5;26.5;42.5;38.5;59.5;9.5;33.5;5.0
30.5;50.5;24.5;11.5;47.5;44.5;56.5;102.5;22.5;6.5;9.5;5.0
25.5;48.5;30.5;52.5;50.5;12.5;65.5;189.5;44.5;34.5;33.5;6.0
23.5;59.5;2.5;26.5;83.5;15.5;29.5;129.5;56.5;27.5;36.5;6.0
23.5;59.5;2.5;26.5;83.5;15.5;29.5;129.5;56.5;27.5;36.5;6.0
41.5;58.5;70.5;11.5;121.5;19.5;52.5;188.5;14.5;79.5;11.5;5.0
18.5;119.5;2.5;13.5;48.5;17.5;20.5;71.5;71.5;19.5;35.5;4.0
53.5;34.5;40.5;22.5;46.5;34.5;62.5;254.5;27.5;22.5;18.5;5.0
37.5;86.5;2.5;17.5;54.5;13.5;22.5;284.5;49.5;10.5;16.5;4.0
40.5;24.5;34.5;11.5;31.5;26.5;47.5;79.5;50.5;36.5;41.5;6.0
27.5;47.5;7.5;19.5;46.5;16.5;32.5;145.5;50.5;24.5;24.5;6.0
27.5;47.5;7.5;19.5;46.5;16.5;32.5;145.5;50.5;24.5;24.5;6.0
59.5;32.5;52.5;19.5;33.5;13.5;15.5;168.5;22.5;51.5;37.5;6.0
24.5;29.5;33.5;13.5;44.5;21.5;47.5;217.5;59.5;19.5;13.5;6.0
10.5;38.5;5.5;11.5;9.5;28.5;83.5;6.5;62.5;46.5;61.5;8.0
5.5;25.5;3.5;7.5;13.5;26.5;56.5;6.5;80.5;39.5;61.5;6.0
28.5;33.5;22.5;7.5;14.5;24.5;60.5;34.5;50.5;21.5;40.5;6.0
14.5;35.5;2.5;12.5;42.5;25.5;40.5;50.5;62.5;17.5;35.5;5.0
30.5;48.5;22.5;13.5;38.5;34.5;40.5;98.5;22.5;7.5;11.5;5.0
33.5;48.5;15.5;15.5;66.5;17.5;32.5;74.5;36.5;17.5;35.5;6.0
35.5;73.5;24.5;19.5;40.5;13.5;77.5;230.5;36.5;18.5;13.5;6.0
40.5;28.5;42.5;66.5;15.5;3.5;6.5;146.5;40.5;20.5;43.5;4.0
25.5;68.5;2.5;12.5;75.5;3.5;6.5;191.5;47.5;24.5;17.5;6.0
35.5;73.5;24.5;19.5;40.5;13.5;77.5;230.5;36.5;18.5;13.5;6.0
53.5;16.5;41.5;9.5;27.5;3.5;5.5;92.5;26.5;21.5;38.5;7.0
26.5;35.5;22.5;12.5;42.5;28.5;50.5;143.5;49.5;28.5;25.5;6.0
26.5;35.5;22.5;12.5;42.5;28.5;50.5;143.5;49.5;28.5;25.5;6.0
34.5;83.5;2.5;13.5;49.5;9.5;18.5;180.5;45.5;32.5;32.5;6.0
42.5;57.5;30.5;26.5;61.5;17.5;65.5;261.5;38.5;27.5;23.5;6.0
25.5;31.5;21.5;19.5;36.5;18.5;32.5;90.5;51.5;20.5;32.5;5.0
68.5;24.5;52.5;11.5;55.5;20.5;43.5;261.5;27.5;21.5;26.5;5.0
26.5;3.5;46.5;22.5;33.5;17.5;27.5;26.5;47.5;18.5;47.5;6.0
35.5;51.5;10.5;24.5;21.5;3.5;3.5;18.5;34.5;3.5;53.5;5.0
25.5;51.5;32.5;48.5;33.5;20.5;103.5;322.5;42.5;80.5;23.5;5.0
25.5;51.5;32.5;48.5;33.5;20.5;103.5;322.5;42.5;80.5;23.5;5.0
31.5;78.5;2.5;12.5;64.5;6.5;8.5;115.5;48.5;23.5;33.5;5.0
37.5;58.5;12.5;15.5;38.5;25.5;56.5;192.5;41.5;39.5;32.5;6.0
14.5;27.5;15.5;21.5;21.5;14.5;24.5;40.5;74.5;31.5;47.5;6.0
30.5;81.5;2.5;12.5;49.5;6.5;8.5;219.5;46.5;13.5;17.5;4.0
37.5;58.5;12.5;15.5;38.5;25.5;56.5;192.5;41.5;39.5;32.5;6.0
21.5;57.5;2.5;46.5;58.5;49.5;74.5;142.5;32.5;9.5;13.5;5.0
21.5;57.5;2.5;46.5;58.5;49.5;74.5;142.5;32.5;9.5;13.5;5.0
27.5;42.5;16.5;15.5;29.5;15.5;25.5;25.5;47.5;25.5;44.5;6.0
12.5;51.5;2.5;5.5;28.5;11.5;14.5;10.5;57.5;20.5;45.5;6.0
31.5;127.5;2.5;15.5;90.5;5.5;5.5;90.5;62.5;5.5;32.5;3.0
7.5;60.5;2.5;16.5;45.5;15.5;24.5;75.5;84.5;25.5;48.5;6.0
22.5;101.5;9.5;13.5;64.5;20.5;53.5;167.5;72.5;38.5;40.5;6.0
46.5;24.5;34.5;15.5;29.5;4.5;11.5;152.5;42.5;44.5;35.5;6.0
35.5;14.5;46.5;11.5;46.5;28.5;64.5;104.5;48.5;30.5;35.5;5.0
31.5;88.5;23.5;19.5;52.5;21.5;64.5;137.5;24.5;8.5;9.5;5.0
30.5;53.5;28.5;12.5;38.5;24.5;84.5;175.5;42.5;17.5;18.5;5.0
52.5;68.5;34.5;22.5;53.5;22.5;87.5;288.5;41.5;26.5;22.5;5.0
23.5;66.5;11.5;41.5;33.5;15.5;25.5;118.5;53.5;16.5;34.5;4.0
52.5;68.5;34.5;22.5;53.5;22.5;87.5;288.5;41.5;26.5;22.5;5.0
25.5;55.5;12.5;5.5;36.5;27.5;59.5;168.5;40.5;25.5;9.5;5.0
30.5;53.5;28.5;12.5;38.5;24.5;84.5;175.5;42.5;17.5;18.5;5.0
20.5;40.5;17.5;30.5;29.5;12.5;23.5;19.5;45.5;23.5;51.5;6.0
35.5;124.5;23.5;12.5;48.5;14.5;37.5;125.5;46.5;11.5;26.5;5.0
25.5;22.5;23.5;19.5;51.5;20.5;61.5;142.5;52.5;18.5;22.5;6.0
25.5;22.5;23.5;21.5;51.5;24.5;65.5;141.5;52.5;17.5;22.5;6.0
30.5;57.5;29.5;13.5;48.5;17.5;87.5;179.5;38.5;22.5;18.5;6.0
9.5;78.5;2.5;3.5;6.5;16.5;42.5;16.5;261.5;23.5;48.5;6.0
54.5;33.5;48.5;17.5;56.5;10.5;37.5;192.5;30.5;33.5;42.5;6.0
30.5;57.5;29.5;13.5;48.5;17.5;87.5;179.5;38.5;22.5;18.5;6.0
46.5;82.5;70.5;9.5;122.5;18.5;60.5;205.5;6.5;83.5;8.5;6.0
52.5;62.5;36.5;24.5;59.5;12.5;84.5;290.5;38.5;30.5;22.5;5.0
5.5;78.5;2.5;3.5;6.5;16.5;42.5;16.5;261.5;23.5;48.5;6.0
46.5;20.5;44.5;11.5;23.5;9.5;14.5;53.5;30.5;19.5;37.5;5.0
46.5;22.5;41.5;11.5;25.5;21.5;51.5;99.5;30.5;46.5;33.5;7.0
22.5;35.5;26.5;9.5;42.5;18.5;30.5;92.5;51.5;24.5;28.5;6.0
22.5;35.5;26.5;9.5;42.5;18.5;30.5;92.5;51.5;24.5;28.5;6.0
22.5;35.5;26.5;9.5;42.5;18.5;30.5;92.5;51.5;24.5;28.5;6.0
22.5;35.5;26.5;9.5;42.5;18.5;30.5;92.5;51.5;24.5;28.5;6.0
20.5;41.5;13.5;11.5;38.5;13.5;34.5;137.5;46.5;16.5;11.5;5.0
29.5;51.5;28.5;15.5;48.5;17.5;87.5;179.5;41.5;20.5;18.5;6.0
29.5;51.5;28.5;15.5;48.5;17.5;87.5;179.5;41.5;20.5;18.5;6.0
33.5;102.5;28.5;40.5;71.5;31.5;63.5;217.5;38.5;10.5;9.5;5.0
39.5;26.5;12.5;9.5;40.5;6.5;21.5;156.5;21.5;7.5;17.5;6.0
46.5;85.5;24.5;17.5;44.5;12.5;44.5;276.5;30.5;15.5;16.5;5.0
27.5;96.5;2.5;13.5;100.5;4.5;7.5;173.5;51.5;16.5;21.5;5.0
21.5;48.5;4.5;21.5;34.5;19.5;36.5;52.5;50.5;30.5;49.5;6.0
15.5;39.5;2.5;5.5;22.5;15.5;22.5;76.5;48.5;9.5;13.5;5.0
15.5;39.5;2.5;5.5;22.5;15.5;22.5;76.5;48.5;9.5;13.5;5.0
15.5;39.5;2.5;5.5;22.5;15.5;22.5;76.5;48.5;9.5;13.5;5.0
30.5;40.5;4.5;9.5;49.5;13.5;27.5;129.5;48.5;18.5;26.5;6.0
30.5;40.5;4.5;9.5;49.5;13.5;27.5;129.5;48.5;18.5;26.5;6.0
30.5;40.5;4.5;9.5;49.5;13.5;27.5;129.5;48.5;18.5;26.5;6.0
31.5;43.5;4.5;9.5;50.5;17.5;27.5;162.5;49.5;15.5;25.5;6.0
30.5;40.5;4.5;9.5;49.5;13.5;27.5;129.5;48.5;18.5;26.5;6.0
70.5;31.5;50.5;24.5;42.5;8.5;16.5;309.5;21.5;17.5;33.5;5.0
37.5;33.5;26.5;19.5;28.5;10.5;24.5;176.5;37.5;17.5;23.5;6.0
16.5;50.5;3.5;15.5;21.5;5.5;9.5;87.5;64.5;20.5;37.5;5.0
27.5;62.5;5.5;11.5;43.5;7.5;8.5;160.5;46.5;4.5;13.5;5.0
27.5;62.5;5.5;11.5;43.5;7.5;8.5;160.5;46.5;4.5;13.5;5.0
24.5;47.5;2.5;27.5;46.5;21.5;37.5;112.5;53.5;16.5;31.5;5.0
45.5;51.5;31.5;13.5;34.5;32.5;69.5;206.5;46.5;21.5;21.5;5.0
27.5;55.5;3.5;19.5;30.5;8.5;42.5;28.5;44.5;15.5;41.5;6.0
31.5;60.5;5.5;12.5;51.5;14.5;53.5;231.5;49.5;10.5;24.5;5.0
31.5;60.5;5.5;12.5;51.5;14.5;53.5;231.5;49.5;10.5;24.5;5.0
27.5;48.5;5.5;19.5;42.5;7.5;24.5;147.5;47.5;16.5;21.5;5.0
16.5;18.5;27.5;11.5;51.5;5.5;28.5;82.5;48.5;8.5;22.5;5.0
16.5;20.5;27.5;11.5;49.5;4.5;24.5;82.5;48.5;8.5;22.5;5.0
28.5;32.5;26.5;22.5;43.5;27.5;63.5;201.5;72.5;23.5;34.5;6.0
29.5;59.5;19.5;57.5;100.5;50.5;93.5;263.5;40.5;14.5;13.5;5.0
71.5;37.5;42.5;5.5;56.5;6.5;24.5;240.5;19.5;29.5;22.5;6.0
47.5;43.5;33.5;19.5;75.5;11.5;34.5;236.5;36.5;20.5;32.5;5.0
38.5;99.5;16.5;22.5;58.5;13.5;50.5;253.5;48.5;18.5;22.5;5.0
71.5;37.5;42.5;5.5;56.5;6.5;24.5;240.5;19.5;29.5;22.5;6.0
35.5;95.5;29.5;13.5;45.5;11.5;59.5;205.5;41.5;12.5;18.5;4.0
27.5;52.5;4.5;12.5;61.5;10.5;27.5;103.5;58.5;17.5;41.5;6.0
33.5;39.5;11.5;17.5;76.5;10.5;38.5;244.5;30.5;26.5;13.5;5.0
28.5;78.5;10.5;9.5;59.5;10.5;41.5;152.5;36.5;14.5;18.5;5.0
24.5;43.5;32.5;17.5;53.5;9.5;100.5;254.5;37.5;81.5;26.5;6.0
35.5;84.5;34.5;15.5;44.5;16.5;70.5;208.5;39.5;14.5;18.5;6.0
21.5;53.5;2.5;7.5;34.5;4.5;4.5;56.5;45.5;3.5;25.5;4.0
42.5;86.5;53.5;9.5;123.5;12.5;62.5;182.5;12.5;80.5;9.5;5.0
30.5;48.5;58.5;31.5;97.5;5.5;10.5;90.5;33.5;67.5;39.5;6.0
42.5;86.5;53.5;9.5;123.5;12.5;62.5;182.5;12.5;80.5;9.5;5.0
32.5;80.5;29.5;40.5;73.5;34.5;85.5;213.5;36.5;9.5;11.5;5.0
23.5;92.5;2.5;3.5;115.5;16.5;25.5;86.5;44.5;15.5;18.5;3.0
27.5;46.5;28.5;13.5;48.5;13.5;95.5;159.5;38.5;16.5;19.5;5.0
37.5;105.5;22.5;5.5;51.5;7.5;27.5;80.5;23.5;10.5;21.5;5.0
7.5;38.5;28.5;19.5;55.5;23.5;70.5;123.5;81.5;26.5;45.5;6.0
27.5;34.5;17.5;13.5;43.5;10.5;24.5;174.5;41.5;15.5;19.5;6.0
30.5;47.5;4.5;24.5;42.5;11.5;31.5;141.5;48.5;26.5;31.5;6.0
30.5;47.5;4.5;24.5;42.5;11.5;31.5;141.5;48.5;26.5;31.5;6.0
23.5;95.5;11.5;11.5;39.5;4.5;21.5;127.5;50.5;9.5;16.5;5.0
35.5;51.5;24.5;15.5;45.5;25.5;100.5;176.5;42.5;13.5;19.5;5.0
35.5;51.5;24.5;15.5;45.5;25.5;100.5;176.5;42.5;13.5;19.5;5.0
26.5;81.5;17.5;11.5;71.5;20.5;80.5;164.5;31.5;14.5;13.5;5.0
35.5;91.5;27.5;34.5;41.5;34.5;81.5;217.5;31.5;6.5;9.5;5.0
29.5;59.5;9.5;11.5;64.5;8.5;19.5;174.5;42.5;22.5;16.5;5.0
29.5;59.5;9.5;11.5;64.5;8.5;19.5;174.5;42.5;22.5;16.5;5.0
21.5;59.5;33.5;64.5;48.5;7.5;45.5;250.5;47.5;32.5;24.5;5.0
22.5;37.5;4.5;17.5;45.5;36.5;104.5;118.5;22.5;17.5;17.5;5.0
15.5;38.5;2.5;19.5;33.5;15.5;29.5;20.5;70.5;23.5;48.5;6.0
35.5;59.5;24.5;21.5;59.5;5.5;29.5;175.5;49.5;22.5;33.5;5.0
26.5;55.5;8.5;4.5;35.5;5.5;8.5;67.5;29.5;12.5;18.5;5.0
35.5;41.5;27.5;13.5;43.5;19.5;55.5;175.5;42.5;12.5;23.5;5.0
19.5;47.5;16.5;41.5;35.5;27.5;69.5;218.5;44.5;12.5;9.5;5.0
41.5;67.5;12.5;7.5;57.5;3.5;8.5;269.5;43.5;29.5;14.5;6.0
42.5;65.5;12.5;7.5;55.5;4.5;7.5;269.5;43.5;29.5;14.5;5.0
28.5;50.5;28.5;13.5;45.5;17.5;99.5;157.5;40.5;16.5;19.5;5.0
25.5;51.5;14.5;17.5;48.5;13.5;24.5;211.5;64.5;26.5;23.5;7.0
27.5;64.5;2.5;17.5;33.5;10.5;20.5;143.5;54.5;36.5;34.5;6.0
34.5;68.5;23.5;15.5;45.5;33.5;110.5;180.5;37.5;15.5;19.5;5.0
34.5;68.5;23.5;15.5;45.5;33.5;110.5;180.5;37.5;15.5;19.5;5.0
31.5;16.5;44.5;13.5;17.5;6.5;20.5;187.5;56.5;46.5;42.5;6.0
27.5;19.5;35.5;9.5;26.5;3.5;9.5;168.5;35.5;74.5;21.5;8.0
35.5;39.5;41.5;24.5;47.5;12.5;42.5;308.5;55.5;26.5;29.5;6.0
32.5;14.5;32.5;13.5;27.5;18.5;30.5;114.5;40.5;54.5;36.5;7.0
37.5;10.5;36.5;54.5;27.5;8.5;18.5;266.5;34.5;58.5;32.5;6.0
15.5;40.5;2.5;15.5;29.5;40.5;50.5;103.5;66.5;57.5;29.5;6.0
36.5;15.5;38.5;17.5;13.5;35.5;49.5;103.5;39.5;65.5;47.5;7.0
15.5;40.5;2.5;15.5;29.5;40.5;50.5;103.5;66.5;57.5;29.5;6.0
21.5;113.5;2.5;11.5;47.5;5.5;12.5;39.5;62.5;8.5;42.5;6.0
19.5;36.5;42.5;21.5;36.5;8.5;15.5;187.5;68.5;37.5;28.5;6.0
37.5;10.5;36.5;54.5;27.5;8.5;18.5;266.5;34.5;58.5;32.5;6.0
54.5;47.5;27.5;13.5;68.5;12.5;85.5;187.5;16.5;54.5;22.5;5.0
55.5;18.5;61.5;17.5;42.5;3.5;11.5;329.5;32.5;42.5;16.5;5.0
17.5;48.5;2.5;7.5;30.5;8.5;14.5;211.5;68.5;48.5;12.5;5.0
55.5;18.5;61.5;17.5;42.5;3.5;11.5;329.5;32.5;42.5;16.5;5.0
28.5;20.5;35.5;22.5;29.5;21.5;33.5;114.5;47.5;41.5;44.5;7.0
33.5;42.5;3.5;7.5;42.5;3.5;15.5;103.5;28.5;10.5;18.5;5.0
32.5;59.5;23.5;17.5;42.5;32.5;108.5;143.5;39.5;9.5;19.5;5.0
33.5;42.5;3.5;7.5;42.5;3.5;15.5;103.5;28.5;10.5;18.5;5.0
30.5;28.5;20.5;7.5;44.5;24.5;54.5;203.5;46.5;22.5;12.5;5.0
25.5;43.5;2.5;15.5;44.5;39.5;51.5;143.5;51.5;48.5;37.5;6.0
19.5;42.5;11.5;41.5;83.5;14.5;27.5;224.5;62.5;31.5;33.5;4.0
38.5;12.5;39.5;5.5;41.5;8.5;19.5;266.5;38.5;34.5;16.5;6.0
38.5;12.5;39.5;5.5;41.5;8.5;19.5;266.5;38.5;34.5;16.5;6.0
32.5;9.5;39.5;11.5;11.5;23.5;56.5;244.5;53.5;35.5;44.5;6.0
31.5;29.5;35.5;22.5;43.5;6.5;19.5;148.5;42.5;22.5;35.5;5.0
33.5;59.5;2.5;12.5;37.5;27.5;51.5;180.5;43.5;27.5;33.5;5.0
34.5;4.5;42.5;17.5;14.5;38.5;63.5;168.5;45.5;57.5;36.5;5.0
29.5;29.5;26.5;11.5;31.5;18.5;43.5;143.5;49.5;26.5;25.5;5.0
31.5;32.5;33.5;15.5;34.5;13.5;70.5;155.5;38.5;18.5;19.5;6.0
14.5;33.5;2.5;7.5;7.5;3.5;7.5;74.5;60.5;49.5;40.5;6.0
16.5;28.5;18.5;11.5;34.5;11.5;21.5;137.5;54.5;38.5;22.5;7.0
57.5;43.5;39.5;79.5;110.5;52.5;91.5;359.5;30.5;41.5;6.5;6.0
57.5;43.5;39.5;79.5;110.5;52.5;91.5;359.5;30.5;41.5;6.5;6.0
55.5;25.5;40.5;7.5;100.5;27.5;86.5;322.5;27.5;29.5;3.5;5.0
23.5;109.5;31.5;52.5;35.5;15.5;35.5;153.5;65.5;18.5;34.5;5.0
25.5;50.5;2.5;9.5;17.5;3.5;4.5;168.5;53.5;11.5;24.5;5.0
28.5;64.5;4.5;17.5;37.5;31.5;88.5;146.5;44.5;32.5;34.5;6.0
27.5;24.5;34.5;13.5;27.5;15.5;24.5;85.5;35.5;37.5;36.5;7.0
29.5;87.5;21.5;56.5;59.5;19.5;93.5;246.5;28.5;16.5;15.5;6.0
24.5;57.5;4.5;12.5;43.5;18.5;26.5;245.5;52.5;39.5;18.5;5.0
24.5;48.5;22.5;10.5;23.5;8.5;18.5;24.5;50.5;13.5;40.5;5.0
28.5;64.5;4.5;17.5;37.5;31.5;88.5;146.5;44.5;32.5;34.5;6.0
29.5;87.5;21.5;56.5;59.5;19.5;93.5;246.5;28.5;16.5;16.5;6.0
24.5;57.5;4.5;12.5;43.5;18.5;26.5;245.5;52.5;39.5;18.5;5.0
23.5;64.5;2.5;12.5;45.5;22.5;35.5;238.5;52.5;38.5;17.5;5.0
24.5;48.5;3.5;12.5;45.5;40.5;50.5;226.5;52.5;37.5;17.5;5.0
27.5;25.5;33.5;13.5;21.5;15.5;25.5;87.5;35.5;40.5;36.5;8.0
27.5;24.5;34.5;13.5;27.5;15.5;24.5;85.5;35.5;37.5;36.5;7.0
33.5;18.5;46.5;26.5;68.5;8.5;13.5;259.5;45.5;42.5;33.5;7.0
21.5;48.5;4.5;13.5;27.5;37.5;49.5;44.5;47.5;40.5;39.5;7.0
31.5;38.5;35.5;12.5;39.5;27.5;81.5;242.5;53.5;22.5;6.5;5.0
72.5;34.5;65.5;17.5;38.5;7.5;19.5;334.5;33.5;33.5;32.5;6.0
20.5;107.5;2.5;7.5;17.5;9.5;13.5;83.5;62.5;27.5;32.5;6.0
15.5;43.5;8.5;11.5;15.5;38.5;85.5;12.5;42.5;14.5;27.5;6.0
31.5;38.5;35.5;12.5;39.5;27.5;81.5;242.5;53.5;22.5;6.5;5.0
39.5;15.5;42.5;9.5;32.5;8.5;16.5;169.5;51.5;24.5;26.5;5.0
34.5;6.5;37.5;9.5;19.5;7.5;11.5;79.5;44.5;44.5;42.5;7.0
19.5;31.5;11.5;19.5;19.5;34.5;60.5;253.5;53.5;32.5;25.5;6.0
17.5;87.5;2.5;15.5;25.5;6.5;9.5;213.5;71.5;25.5;21.5;4.0
23.5;59.5;5.5;19.5;40.5;14.5;27.5;133.5;48.5;22.5;25.5;6.0
24.5;57.5;3.5;21.5;41.5;14.5;35.5;116.5;46.5;17.5;31.5;6.0
23.5;50.5;12.5;9.5;28.5;34.5;49.5;155.5;53.5;31.5;17.5;5.0
23.5;50.5;12.5;9.5;28.5;34.5;49.5;155.5;53.5;31.5;17.5;5.0
28.5;37.5;34.5;15.5;27.5;31.5;50.5;256.5;42.5;29.5;21.5;7.0
22.5;121.5;10.5;19.5;32.5;19.5;28.5;201.5;64.5;21.5;33.5;4.0
28.5;37.5;34.5;15.5;27.5;31.5;50.5;256.5;42.5;29.5;21.5;7.0
28.5;116.5;7.5;15.5;26.5;20.5;45.5;241.5;43.5;19.5;17.5;3.0
55.5;68.5;13.5;5.5;49.5;8.5;20.5;154.5;4.5;11.5;17.5;5.0
22.5;70.5;10.5;39.5;32.5;8.5;12.5;28.5;55.5;16.5;49.5;5.0
31.5;21.5;62.5;24.5;38.5;23.5;40.5;208.5;50.5;43.5;34.5;6.0
16.5;51.5;10.5;11.5;36.5;14.5;41.5;29.5;50.5;18.5;33.5;5.0
54.5;39.5;52.5;77.5;108.5;47.5;78.5;355.5;28.5;39.5;5.5;5.0
8.5;36.5;13.5;17.5;13.5;16.5;85.5;9.5;66.5;52.5;59.5;7.0
54.5;39.5;52.5;77.5;108.5;47.5;78.5;355.5;28.5;39.5;5.5;5.0
8.5;36.5;13.5;17.5;13.5;16.5;85.5;9.5;66.5;52.5;60.5;7.0
26.5;103.5;7.5;60.5;47.5;3.5;10.5;293.5;52.5;16.5;23.5;3.0
37.5;14.5;62.5;30.5;68.5;10.5;18.5;300.5;51.5;32.5;28.5;5.0
11.5;55.5;5.5;6.5;45.5;6.5;9.5;101.5;76.5;26.5;22.5;4.0
37.5;14.5;62.5;30.5;68.5;10.5;18.5;300.5;51.5;32.5;28.5;5.0
27.5;48.5;56.5;15.5;75.5;3.5;5.5;250.5;45.5;21.5;24.5;4.0
36.5;19.5;46.5;6.5;7.5;6.5;8.5;131.5;47.5;25.5;29.5;5.0
23.5;108.5;8.5;13.5;25.5;4.5;7.5;163.5;65.5;28.5;32.5;4.0
25.5;62.5;18.5;15.5;39.5;8.5;21.5;172.5;49.5;19.5;17.5;5.0
23.5;66.5;23.5;15.5;35.5;9.5;19.5;134.5;50.5;24.5;24.5;5.0
15.5;59.5;7.5;12.5;31.5;9.5;13.5;100.5;64.5;42.5;28.5;5.0
11.5;43.5;6.5;9.5;14.5;5.5;9.5;67.5;82.5;22.5;37.5;5.0
17.5;47.5;12.5;15.5;13.5;4.5;7.5;76.5;56.5;40.5;31.5;6.0
26.5;8.5;51.5;11.5;5.5;8.5;14.5;31.5;51.5;20.5;47.5;6.0
11.5;43.5;6.5;9.5;14.5;5.5;9.5;67.5;82.5;22.5;37.5;5.0
17.5;61.5;8.5;7.5;15.5;6.5;14.5;33.5;69.5;18.5;43.5;5.0
32.5;43.5;28.5;12.5;54.5;23.5;110.5;191.5;38.5;23.5;17.5;5.0
19.5;17.5;11.5;5.5;31.5;15.5;24.5;80.5;54.5;34.5;21.5;7.0
25.5;32.5;4.5;12.5;45.5;15.5;24.5;98.5;47.5;45.5;28.5;6.0
32.5;43.5;28.5;12.5;54.5;23.5;110.5;191.5;38.5;23.5;17.5;5.0
24.5;78.5;5.5;19.5;19.5;7.5;12.5;106.5;57.5;27.5;38.5;6.0
21.5;106.5;6.5;19.5;33.5;7.5;9.5;157.5;65.5;22.5;31.5;6.0
24.5;78.5;5.5;19.5;19.5;7.5;12.5;106.5;57.5;27.5;38.5;6.0
30.5;75.5;6.5;6.5;41.5;8.5;11.5;106.5;38.5;17.5;16.5;5.0
33.5;93.5;31.5;46.5;48.5;21.5;60.5;196.5;28.5;17.5;12.5;5.0
28.5;49.5;20.5;21.5;43.5;15.5;56.5;192.5;43.5;18.5;18.5;5.0
17.5;33.5;41.5;22.5;42.5;6.5;10.5;141.5;63.5;33.5;33.5;6.0
30.5;25.5;59.5;19.5;70.5;5.5;8.5;171.5;48.5;19.5;37.5;6.0
22.5;82.5;4.5;11.5;43.5;6.5;8.5;168.5;67.5;27.5;20.5;3.0
23.5;91.5;7.5;13.5;35.5;6.5;10.5;144.5;63.5;30.5;31.5;6.0
30.5;25.5;59.5;19.5;70.5;5.5;8.5;171.5;48.5;19.5;37.5;6.0
26.5;13.5;62.5;15.5;39.5;17.5;21.5;295.5;50.5;36.5;28.5;6.0
34.5;4.5;42.5;11.5;27.5;7.5;16.5;61.5;40.5;34.5;34.5;5.0
19.5;22.5;23.5;17.5;12.5;26.5;44.5;212.5;59.5;41.5;17.5;6.0
26.5;68.5;6.5;15.5;33.5;19.5;23.5;245.5;56.5;31.5;18.5;5.0
19.5;88.5;6.5;17.5;26.5;11.5;13.5;161.5;65.5;29.5;25.5;6.0
19.5;46.5;17.5;11.5;43.5;17.5;61.5;20.5;45.5;24.5;26.5;6.0
24.5;97.5;23.5;43.5;39.5;16.5;61.5;306.5;65.5;36.5;10.5;6.0
24.5;97.5;23.5;43.5;39.5;16.5;61.5;306.5;65.5;36.5;11.5;6.0
16.5;18.5;27.5;19.5;36.5;23.5;54.5;189.5;54.5;61.5;28.5;5.0
20.5;42.5;8.5;13.5;28.5;29.5;40.5;95.5;50.5;47.5;24.5;6.0
29.5;36.5;48.5;17.5;75.5;7.5;16.5;200.5;44.5;27.5;26.5;5.0
21.5;70.5;10.5;24.5;70.5;14.5;23.5;214.5;56.5;22.5;23.5;5.0
20.5;42.5;8.5;13.5;28.5;29.5;40.5;95.5;50.5;47.5;24.5;6.0
24.5;37.5;22.5;12.5;47.5;9.5;19.5;158.5;51.5;7.5;7.5;4.0
16.5;18.5;27.5;19.5;36.5;23.5;54.5;189.5;54.5;61.5;28.5;5.0
23.5;37.5;27.5;13.5;41.5;29.5;57.5;123.5;46.5;24.5;25.5;5.0
15.5;31.5;21.5;13.5;40.5;22.5;43.5;116.5;51.5;42.5;21.5;6.0
22.5;37.5;10.5;15.5;29.5;18.5;30.5;139.5;45.5;28.5;17.5;5.0
23.5;36.5;10.5;17.5;29.5;18.5;34.5;140.5;42.5;29.5;16.5;6.0
26.5;42.5;9.5;9.5;36.5;15.5;20.5;108.5;41.5;30.5;31.5;6.0
34.5;15.5;51.5;17.5;61.5;21.5;55.5;247.5;43.5;31.5;22.5;6.0
26.5;68.5;10.5;15.5;28.5;43.5;48.5;173.5;54.5;24.5;23.5;6.0
21.5;33.5;11.5;17.5;28.5;9.5;14.5;75.5;54.5;33.5;36.5;6.0
16.5;71.5;12.5;27.5;46.5;13.5;24.5;188.5;72.5;30.5;23.5;5.0
27.5;42.5;15.5;13.5;23.5;18.5;18.5;150.5;33.5;32.5;19.5;6.0
35.5;26.5;32.5;12.5;39.5;32.5;80.5;249.5;51.5;25.5;6.5;5.0
21.5;46.5;16.5;21.5;29.5;13.5;25.5;57.5;54.5;26.5;40.5;7.0
25.5;45.5;15.5;17.5;40.5;15.5;31.5;162.5;48.5;23.5;17.5;6.0
16.5;42.5;10.5;12.5;42.5;24.5;41.5;121.5;72.5;32.5;24.5;6.0
9.5;48.5;10.5;12.5;24.5;20.5;27.5;93.5;62.5;28.5;23.5;6.0
17.5;59.5;11.5;22.5;46.5;15.5;22.5;129.5;69.5;27.5;43.5;5.0
27.5;26.5;34.5;11.5;30.5;34.5;56.5;247.5;58.5;42.5;19.5;5.0
17.5;41.5;10.5;47.5;36.5;11.5;28.5;199.5;68.5;27.5;39.5;6.0
29.5;11.5;31.5;17.5;19.5;19.5;45.5;215.5;52.5;40.5;32.5;7.0
22.5;100.5;4.5;12.5;29.5;29.5;34.5;87.5;42.5;20.5;30.5;6.0
66.5;33.5;44.5;17.5;29.5;14.5;15.5;275.5;37.5;21.5;25.5;6.0
39.5;24.5;45.5;19.5;28.5;12.5;15.5;137.5;29.5;45.5;35.5;7.0
20.5;57.5;35.5;11.5;24.5;16.5;24.5;124.5;48.5;28.5;22.5;6.0
25.5;47.5;4.5;13.5;37.5;17.5;22.5;151.5;48.5;25.5;23.5;5.0
18.5;51.5;12.5;7.5;13.5;12.5;22.5;20.5;67.5;15.5;44.5;5.0
67.5;28.5;52.5;13.5;64.5;19.5;46.5;286.5;22.5;22.5;25.5;5.0
29.5;22.5;32.5;11.5;39.5;17.5;20.5;66.5;36.5;34.5;37.5;8.0
26.5;66.5;2.5;19.5;52.5;17.5;22.5;286.5;57.5;17.5;13.5;5.0
26.5;64.5;2.5;19.5;48.5;18.5;23.5;279.5;56.5;18.5;12.5;5.0
18.5;66.5;3.5;38.5;67.5;32.5;50.5;159.5;63.5;30.5;36.5;6.0
28.5;77.5;2.5;17.5;45.5;18.5;24.5;278.5;53.5;24.5;12.5;5.0
21.5;100.5;4.5;21.5;27.5;15.5;19.5;185.5;66.5;24.5;33.5;6.0
25.5;46.5;19.5;9.5;30.5;15.5;20.5;109.5;56.5;32.5;27.5;7.0
21.5;104.5;6.5;17.5;31.5;12.5;16.5;191.5;65.5;20.5;19.5;5.0
21.5;100.5;4.5;21.5;27.5;15.5;19.5;185.5;66.5;24.5;33.5;6.0
24.5;57.5;35.5;70.5;112.5;54.5;106.5;287.5;34.5;20.5;13.5;5.0
33.5;51.5;28.5;13.5;45.5;31.5;108.5;181.5;33.5;16.5;19.5;5.0
33.5;51.5;28.5;13.5;45.5;31.5;108.5;181.5;33.5;16.5;19.5;5.0
33.5;51.5;28.5;13.5;45.5;31.5;108.5;181.5;33.5;16.5;19.5;5.0
27.5;69.5;15.5;13.5;41.5;12.5;16.5;134.5;41.5;18.5;22.5;5.0
27.5;69.5;15.5;13.5;41.5;12.5;16.5;134.5;41.5;18.5;22.5;5.0
27.5;69.5;15.5;13.5;41.5;12.5;16.5;134.5;41.5;18.5;22.5;5.0
22.5;64.5;4.5;12.5;26.5;26.5;38.5;95.5;51.5;46.5;32.5;6.0
22.5;3.5;66.5;15.5;24.5;24.5;48.5;98.5;46.5;35.5;35.5;6.0
27.5;69.5;15.5;13.5;41.5;12.5;16.5;134.5;41.5;18.5;22.5;5.0
25.5;46.5;15.5;7.5;42.5;25.5;38.5;187.5;46.5;23.5;9.5;5.0
17.5;40.5;16.5;12.5;21.5;15.5;30.5;56.5;60.5;21.5;38.5;6.0
19.5;22.5;55.5;17.5;112.5;19.5;31.5;29.5;49.5;57.5;47.5;6.0
19.5;25.5;16.5;17.5;4.5;15.5;21.5;109.5;56.5;29.5;34.5;6.0
28.5;68.5;34.5;17.5;34.5;35.5;99.5;188.5;45.5;15.5;13.5;5.0
15.5;48.5;22.5;21.5;40.5;15.5;46.5;83.5;70.5;31.5;48.5;6.0
11.5;17.5;78.5;78.5;39.5;23.5;88.5;223.5;51.5;12.5;26.5;6.0
30.5;41.5;42.5;17.5;25.5;12.5;16.5;89.5;38.5;28.5;41.5;6.0
35.5;16.5;65.5;7.5;46.5;16.5;25.5;161.5;42.5;42.5;31.5;6.0
17.5;70.5;17.5;54.5;41.5;13.5;23.5;181.5;66.5;24.5;42.5;6.0
23.5;64.5;17.5;11.5;79.5;13.5;16.5;130.5;54.5;31.5;36.5;6.0
17.5;46.5;11.5;9.5;18.5;24.5;28.5;59.5;66.5;24.5;36.5;5.0
29.5;21.5;35.5;21.5;33.5;9.5;22.5;85.5;48.5;24.5;42.5;6.0
17.5;46.5;11.5;9.5;18.5;24.5;28.5;59.5;66.5;24.5;36.5;5.0
16.5;73.5;12.5;24.5;18.5;13.5;23.5;40.5;69.5;14.5;42.5;5.0
17.5;35.5;31.5;15.5;39.5;32.5;93.5;154.5;45.5;26.5;18.5;5.0
22.5;18.5;46.5;21.5;26.5;24.5;30.5;93.5;41.5;44.5;39.5;7.0
27.5;26.5;46.5;24.5;31.5;22.5;44.5;98.5;42.5;48.5;38.5;6.0
30.5;17.5;43.5;21.5;30.5;34.5;56.5;98.5;46.5;49.5;37.5;6.0
13.5;53.5;13.5;11.5;31.5;18.5;24.5;93.5;67.5;30.5;32.5;6.0
27.5;62.5;35.5;22.5;33.5;34.5;97.5;62.5;39.5;42.5;51.5;6.0
21.5;75.5;22.5;71.5;38.5;29.5;75.5;281.5;41.5;18.5;9.5;5.0
18.5;45.5;17.5;11.5;42.5;26.5;31.5;21.5;44.5;46.5;39.5;6.0
9.5;78.5;11.5;9.5;54.5;16.5;22.5;59.5;77.5;20.5;39.5;6.0
18.5;40.5;15.5;19.5;41.5;29.5;36.5;151.5;54.5;39.5;33.5;6.0
23.5;55.5;10.5;12.5;33.5;28.5;34.5;204.5;54.5;46.5;13.5;6.0
17.5;51.5;10.5;13.5;55.5;32.5;40.5;96.5;57.5;22.5;26.5;5.0
14.5;45.5;12.5;17.5;27.5;39.5;47.5;109.5;64.5;40.5;35.5;6.0
18.5;40.5;15.5;19.5;41.5;29.5;36.5;151.5;54.5;39.5;33.5;6.0
14.5;60.5;14.5;13.5;40.5;32.5;40.5;135.5;69.5;35.5;23.5;5.0
15.5;17.5;49.5;36.5;32.5;18.5;38.5;136.5;51.5;30.5;33.5;6.0
